lead_id,name,signup_date,source,email_opens_30d,email_clicks_30d,site_visits_30d,pricing_page_visits_30d,cart_abandons_90d,wishlist_items,past_purchases,lifetime_value,days_since_last_activity,_true_persona
HC-0001,Diego Barros,2025-02-01,Organic Search,0,0,1,0,0,1,3,1184.33,253,Lapsed Buyer
HC-0002,Taylor Okafor,2026-07-08,Organic Search,2,1,1,1,0,1,0,0.0,12,New Signup
HC-0003,Alex Meyer,2026-07-12,Paid Social,3,2,4,0,0,1,0,0.0,13,New Signup
HC-0004,Reese Haddad,2026-02-05,Organic Search,4,4,3,4,1,2,0,0.0,6,Engaged Prospect
HC-0005,Kenji Rossi,2026-03-16,Influencer,0,0,0,0,0,2,0,0.0,16,Window Shopper
HC-0006,Taylor Torres,2026-07-08,Email Referral,2,1,6,0,0,0,0,0.0,2,New Signup
HC-0007,Elena Silva,2023-05-23,Email Referral,20,2,10,5,0,4,14,7224.93,15,Whale Collector
HC-0008,Priya Anders,2026-07-03,Direct,0,0,2,1,0,0,0,0.0,7,New Signup
HC-0009,Amara Tanaka,2026-07-29,Paid Social,1,0,4,0,0,3,0,0.0,0,New Signup
HC-0010,Felix Petrov,2026-03-07,Direct,9,0,1,0,0,0,0,0.0,37,Window Shopper
HC-0011,Skyler Okafor,2025-09-13,Organic Search,5,1,3,0,0,0,0,0.0,39,Window Shopper
HC-0012,Devon Okafor,2026-05-09,Influencer,7,5,9,2,1,5,0,0.0,7,Engaged Prospect
HC-0013,Priya Chen,2026-01-21,Influencer,16,2,9,7,2,4,0,0.0,5,Engaged Prospect
HC-0014,Sam Barros,2025-09-02,Email Referral,4,2,2,0,0,0,0,0.0,5,Window Shopper
HC-0015,Taylor Tanaka,2024-10-27,Convention Booth,9,1,4,0,0,1,0,0.0,3,Window Shopper
HC-0016,Jordan Rossi,2025-02-01,Paid Social,2,3,3,0,0,0,0,0.0,15,Window Shopper
HC-0017,Skyler Kowalski,2026-07-17,Influencer,0,0,0,0,0,1,0,0.0,8,New Signup
HC-0018,Casey Larsen,2026-07-31,Organic Search,5,3,5,0,1,1,0,0.0,13,New Signup
HC-0019,Reese Meyer,2023-10-25,Paid Social,1,0,2,0,0,0,3,881.09,131,Lapsed Buyer
HC-0020,Casey Chen,2026-07-13,Paid Social,1,0,1,1,0,0,0,0.0,3,New Signup
HC-0021,Morgan Lindqvist,2026-05-26,Paid Social,8,4,3,1,3,0,0,0.0,9,Engaged Prospect
HC-0022,Elena Lindqvist,2026-01-31,Organic Search,7,4,8,3,0,3,0,0.0,4,Engaged Prospect
HC-0023,Felix Kowalski,2024-01-12,Paid Social,1,0,0,0,0,2,3,1214.55,337,Lapsed Buyer
HC-0024,Zara Okafor,2024-06-25,Paid Social,17,3,12,2,0,1,17,8617.11,14,Whale Collector
HC-0025,Rowan Fuentes,2025-02-21,Paid Social,13,5,8,4,0,8,7,4263.72,19,Whale Collector
HC-0026,Rowan Chen,2026-03-12,Influencer,1,0,0,0,0,2,0,0.0,24,Window Shopper
HC-0027,Andre Okafor,2024-09-10,Convention Booth,9,1,1,0,0,1,0,0.0,25,Window Shopper
HC-0028,Devon Tanaka,2026-07-19,Email Referral,4,0,2,1,0,2,0,0.0,10,New Signup
HC-0029,Diego Petrov,2024-09-30,Paid Social,1,0,1,0,0,2,3,1219.86,269,Lapsed Buyer
HC-0030,Rowan Okafor,2025-08-06,Influencer,3,1,5,0,0,0,0,0.0,40,Window Shopper
HC-0031,Quinn Okafor,2025-11-14,Direct,6,2,1,0,0,0,0,0.0,40,Window Shopper
HC-0032,Diego Fuentes,2026-06-18,Organic Search,8,5,8,7,1,6,0,0.0,0,Engaged Prospect
HC-0033,Victor Kowalski,2024-02-05,Organic Search,19,6,9,2,1,8,10,6004.59,14,Whale Collector
HC-0034,Quinn Rossi,2026-02-19,Paid Social,14,5,4,1,0,7,0,0.0,5,Engaged Prospect
HC-0035,Devon Chen,2025-06-07,Organic Search,0,0,0,0,0,1,2,960.14,151,Lapsed Buyer
HC-0036,Amara Petrov,2026-03-09,Paid Social,14,1,9,2,1,5,0,0.0,4,Engaged Prospect
HC-0037,Rowan Okafor,2025-04-05,Organic Search,9,0,4,0,0,0,0,0.0,16,Window Shopper
HC-0038,Hayden Okafor,2024-06-07,Organic Search,15,3,17,7,1,6,10,5458.54,2,Whale Collector
HC-0039,Devon Ito,2026-07-17,Email Referral,4,0,5,0,0,1,0,0.0,6,New Signup
HC-0040,Rowan Mbeki,2026-05-22,Email Referral,7,2,9,2,0,1,0,0.0,2,Engaged Prospect
HC-0041,Devon Barros,2026-03-07,Paid Social,5,5,10,6,0,2,0,0.0,9,Engaged Prospect
HC-0042,Quinn Kowalski,2026-07-08,Paid Social,0,0,3,1,0,0,0,0.0,0,New Signup
HC-0043,Kenji Fuentes,2025-01-30,Direct,7,2,0,0,0,1,0,0.0,10,Window Shopper
HC-0044,Andre Lindqvist,2026-07-29,Paid Social,0,3,0,1,0,2,0,0.0,9,New Signup
HC-0045,Naomi Ito,2025-05-05,Convention Booth,3,0,0,0,0,4,1,309.93,196,Lapsed Buyer
HC-0046,Emerson Ito,2024-02-01,Direct,0,0,0,0,0,1,2,937.64,355,Lapsed Buyer
HC-0047,Ingrid Chen,2023-01-31,Organic Search,1,1,2,0,0,4,12,4808.26,98,At-Risk VIP
HC-0048,Marcus Mbeki,2025-12-08,Direct,8,0,2,0,0,1,0,0.0,9,Window Shopper
HC-0049,Avery Lindqvist,2024-12-08,Paid Social,3,0,0,1,0,3,0,0.0,27,Window Shopper
HC-0050,Naomi Novak,2026-07-05,Organic Search,2,1,3,1,0,0,0,0.0,0,New Signup
HC-0051,Sofia Lindqvist,2026-04-25,Paid Social,1,1,1,0,0,1,0,0.0,33,Window Shopper
HC-0052,Naomi Barros,2024-06-10,Paid Social,2,0,0,0,0,0,1,412.25,213,Lapsed Buyer
HC-0053,Skyler Kim,2024-12-02,Paid Social,24,9,7,4,0,7,7,3226.59,13,Whale Collector
HC-0054,Devon Okafor,2025-12-18,Email Referral,6,2,3,1,0,0,0,0.0,9,Window Shopper
HC-0055,Skyler Haddad,2025-03-04,Convention Booth,9,0,4,0,0,0,0,0.0,38,Window Shopper
HC-0056,Casey Barros,2026-07-07,Influencer,12,6,7,2,2,3,0,0.0,1,Engaged Prospect
HC-0057,Quinn Haddad,2026-07-22,Paid Social,1,0,0,0,0,1,0,0.0,0,New Signup
HC-0058,Morgan Silva,2025-05-01,Email Referral,10,2,6,0,0,2,0,0.0,15,Window Shopper
HC-0059,Kenji Kim,2026-07-29,Organic Search,6,1,4,2,0,1,0,0.0,9,New Signup
HC-0060,Riley Petrov,2025-01-07,Influencer,5,1,3,0,0,3,0,0.0,11,Window Shopper
HC-0061,Elena Rossi,2024-12-20,Influencer,1,0,0,0,0,0,3,1060.83,96,Lapsed Buyer
HC-0062,Diego Lindqvist,2023-10-11,Convention Booth,0,0,1,0,0,0,2,862.75,98,Lapsed Buyer
HC-0063,Reese Fuentes,2023-09-18,Direct,1,0,0,0,0,3,1,329.95,128,Lapsed Buyer
HC-0064,Devon Meyer,2026-06-04,Organic Search,12,4,3,3,0,3,0,0.0,7,Engaged Prospect
HC-0065,Rowan Haddad,2025-09-05,Email Referral,10,1,6,0,0,0,0,0.0,16,Window Shopper
HC-0066,Rowan Nguyen,2026-04-10,Organic Search,10,5,8,2,3,4,0,0.0,2,Engaged Prospect
HC-0067,Ingrid Kowalski,2024-09-13,Paid Social,7,1,1,0,0,0,0,0.0,21,Window Shopper
HC-0068,Sofia Silva,2024-10-26,Convention Booth,3,0,3,0,0,7,12,6130.06,81,At-Risk VIP
HC-0069,Reese Fuentes,2026-07-11,Convention Booth,2,0,2,0,0,0,0,0.0,5,New Signup
HC-0070,Devon Ito,2026-06-19,Email Referral,6,6,5,3,3,2,0,0.0,0,Engaged Prospect
HC-0071,Naomi Meyer,2024-11-30,Convention Booth,1,0,1,0,0,0,1,338.63,266,Lapsed Buyer
HC-0072,Rowan Anders,2025-09-01,Paid Social,3,0,3,0,0,1,0,0.0,5,Window Shopper
HC-0073,Rowan Kim,2026-07-26,Email Referral,1,0,1,1,0,0,0,0.0,3,New Signup
HC-0074,Kenji Ito,2024-09-04,Organic Search,0,0,0,0,0,4,1,373.45,160,Lapsed Buyer
HC-0075,Victor Tanaka,2026-03-15,Paid Social,9,6,9,6,2,6,0,0.0,2,Engaged Prospect
HC-0076,Ingrid Anders,2026-07-18,Organic Search,2,0,4,0,0,0,0,0.0,12,New Signup
HC-0077,Quinn Rossi,2026-07-07,Email Referral,3,0,1,0,0,2,0,0.0,11,New Signup
HC-0078,Morgan Haddad,2026-07-17,Organic Search,0,0,0,0,0,0,0,0.0,10,New Signup
HC-0079,Reese Tanaka,2026-01-17,Paid Social,1,0,2,0,0,0,0,0.0,5,Window Shopper
HC-0080,Ingrid Lindqvist,2026-04-13,Direct,11,3,6,2,2,0,0,0.0,7,Engaged Prospect
HC-0081,Kenji Ito,2026-06-30,Organic Search,11,7,10,5,1,6,0,0.0,7,Engaged Prospect
HC-0082,Taylor Tanaka,2026-07-06,Organic Search,1,0,4,0,1,1,0,0.0,9,New Signup
HC-0083,Felix Kim,2024-09-27,Influencer,7,0,3,0,0,1,0,0.0,5,Window Shopper
HC-0084,Alex Ito,2026-03-11,Paid Social,12,4,11,2,1,8,0,0.0,1,Engaged Prospect
HC-0085,Rowan Kowalski,2026-07-05,Paid Social,6,0,0,1,0,1,0,0.0,12,New Signup
HC-0086,Sam Reyes,2025-04-12,Direct,0,0,1,0,0,0,2,526.22,101,Lapsed Buyer
HC-0087,Taylor Reyes,2024-11-20,Email Referral,8,3,3,0,0,1,0,0.0,15,Window Shopper
HC-0088,Reese Nguyen,2026-02-18,Direct,9,1,0,0,0,0,0,0.0,32,Window Shopper
HC-0089,Priya Barros,2024-12-23,Paid Social,8,0,3,0,0,1,0,0.0,18,Window Shopper
HC-0090,Quinn Nguyen,2026-02-16,Direct,12,2,3,5,1,3,0,0.0,9,Engaged Prospect
HC-0091,Priya Anders,2025-03-22,Direct,4,7,7,1,1,6,21,10238.37,18,Whale Collector
HC-0092,Marcus Kowalski,2026-07-24,Influencer,5,0,5,0,0,0,0,0.0,8,New Signup
HC-0093,Felix Silva,2025-08-22,Organic Search,6,4,3,0,0,1,0,0.0,36,Window Shopper
HC-0094,Felix Kowalski,2024-09-06,Paid Social,4,0,3,0,0,0,0,0.0,13,Window Shopper
HC-0095,Victor Nguyen,2025-03-12,Organic Search,4,1,3,0,0,1,0,0.0,3,Window Shopper
HC-0096,Andre Mbeki,2023-10-30,Organic Search,1,0,0,0,0,1,2,554.36,325,Lapsed Buyer
HC-0097,Emerson Ito,2024-06-13,Paid Social,18,6,16,4,2,9,7,3453.34,13,Whale Collector
HC-0098,Skyler Meyer,2025-06-24,Paid Social,6,1,4,0,0,3,0,0.0,22,Window Shopper
HC-0099,Felix Rossi,2024-10-25,Email Referral,13,5,20,3,0,4,11,6695.53,16,Whale Collector
HC-0100,Taylor Petrov,2024-09-30,Organic Search,2,0,2,0,0,2,8,4438.22,60,At-Risk VIP
HC-0101,Elena Novak,2026-07-09,Organic Search,0,1,4,0,0,2,0,0.0,10,New Signup
HC-0102,Quinn Tanaka,2023-09-26,Influencer,1,0,0,0,0,1,1,323.54,156,Lapsed Buyer
HC-0103,Naomi Kim,2025-11-28,Direct,6,1,2,0,0,0,0,0.0,34,Window Shopper
HC-0104,Riley Okafor,2025-04-01,Convention Booth,5,0,7,1,0,1,0,0.0,9,Window Shopper
HC-0105,Quinn Fuentes,2026-07-11,Paid Social,3,2,2,2,0,1,0,0.0,2,New Signup
HC-0106,Quinn Kim,2025-06-21,Direct,5,2,5,0,0,0,0,0.0,9,Window Shopper
HC-0107,Rowan Barros,2024-07-04,Direct,0,0,0,0,0,2,2,671.15,303,Lapsed Buyer
HC-0108,Reese Barros,2024-04-15,Organic Search,1,0,0,0,0,1,3,992.18,226,Lapsed Buyer
HC-0109,Felix Novak,2026-03-18,Convention Booth,5,1,2,0,0,1,0,0.0,13,Window Shopper
HC-0110,Devon Kowalski,2026-01-26,Direct,9,0,1,1,0,2,0,0.0,12,Window Shopper
HC-0111,Reese Fuentes,2024-09-08,Organic Search,1,0,0,0,0,0,2,650.26,207,Lapsed Buyer
HC-0112,Kenji Ito,2026-07-09,Email Referral,2,1,1,2,0,0,0,0.0,8,New Signup
HC-0113,Jordan Kim,2026-03-13,Convention Booth,15,7,7,3,0,4,0,0.0,0,Engaged Prospect
HC-0114,Morgan Larsen,2026-07-28,Influencer,3,0,1,0,0,0,1,214.4,5,New Signup
HC-0115,Avery Haddad,2022-10-11,Convention Booth,8,4,14,0,1,9,20,9501.24,12,Whale Collector
HC-0116,Priya Reyes,2025-06-13,Paid Social,1,0,0,0,0,0,1,451.72,124,Lapsed Buyer
HC-0117,Kenji Nguyen,2026-07-28,Convention Booth,2,1,3,0,0,2,0,0.0,2,New Signup
HC-0118,Riley Meyer,2026-06-22,Paid Social,8,1,11,3,1,8,0,0.0,3,Engaged Prospect
HC-0119,Quinn Kim,2026-02-13,Paid Social,2,0,3,0,0,0,0,0.0,24,Window Shopper
HC-0120,Marcus Okafor,2026-07-10,Convention Booth,5,0,6,0,1,0,0,0.0,6,New Signup
HC-0121,Quinn Barros,2025-05-12,Email Referral,14,5,9,1,1,1,12,5523.61,15,Whale Collector
HC-0122,Jordan Torres,2023-08-01,Email Referral,2,0,0,0,0,3,1,289.24,233,Lapsed Buyer
HC-0123,Lucia Kim,2026-07-16,Influencer,1,0,5,1,1,0,0,0.0,0,New Signup
HC-0124,Emerson Torres,2025-03-09,Email Referral,8,4,1,0,0,0,0,0.0,25,Window Shopper
HC-0125,Omar Osei,2024-11-03,Convention Booth,1,0,1,0,0,1,1,359.11,130,Lapsed Buyer
HC-0126,Jordan Haddad,2026-05-18,Influencer,10,5,6,5,0,6,0,0.0,5,Engaged Prospect
HC-0127,Marcus Kowalski,2026-04-07,Organic Search,9,5,11,3,2,2,0,0.0,9,Engaged Prospect
HC-0128,Alex Kim,2024-09-14,Convention Booth,6,1,5,0,0,0,0,0.0,27,Window Shopper
HC-0129,Quinn Larsen,2026-06-12,Direct,17,3,9,3,2,5,0,0.0,3,Engaged Prospect
HC-0130,Lucia Haddad,2026-01-27,Influencer,3,1,5,0,0,0,0,0.0,42,Window Shopper
HC-0131,Diego Torres,2026-07-28,Email Referral,3,1,4,1,0,1,0,0.0,7,New Signup
HC-0132,Kenji Haddad,2025-03-02,Email Referral,0,3,2,0,0,0,0,0.0,13,Window Shopper
HC-0133,Ingrid Chen,2025-11-05,Paid Social,7,0,5,0,0,0,0,0.0,15,Window Shopper
HC-0134,Avery Novak,2026-02-11,Paid Social,8,5,8,1,1,2,0,0.0,4,Engaged Prospect
HC-0135,Andre Silva,2026-07-05,Organic Search,0,0,4,0,0,0,0,0.0,7,New Signup
HC-0136,Omar Fuentes,2025-11-06,Convention Booth,4,0,4,0,0,0,0,0.0,36,Window Shopper
HC-0137,Priya Larsen,2026-07-20,Direct,4,1,0,0,0,0,0,0.0,13,New Signup
HC-0138,Reese Okafor,2026-05-24,Organic Search,6,0,3,0,0,1,0,0.0,25,Window Shopper
HC-0139,Diego Lindqvist,2026-01-29,Organic Search,10,4,4,0,0,0,0,0.0,6,Window Shopper
HC-0140,Alex Rossi,2026-07-21,Email Referral,4,0,2,0,0,1,0,0.0,10,New Signup
HC-0141,Ingrid Chen,2023-09-17,Influencer,0,0,1,0,0,4,3,825.95,262,Lapsed Buyer
HC-0142,Andre Torres,2025-06-22,Direct,9,0,5,1,0,1,0,0.0,28,Window Shopper
HC-0143,Devon Okafor,2025-12-15,Organic Search,2,2,2,0,0,1,0,0.0,15,Window Shopper
HC-0144,Zara Kim,2026-07-25,Convention Booth,6,1,5,0,0,1,0,0.0,6,New Signup
HC-0145,Taylor Kim,2024-12-29,Email Referral,5,0,3,0,0,2,0,0.0,3,Window Shopper
HC-0146,Devon Meyer,2026-07-19,Paid Social,2,1,4,2,0,0,0,0.0,0,New Signup
HC-0147,Marcus Nguyen,2023-09-15,Influencer,17,6,7,6,2,5,19,9002.46,4,Whale Collector
HC-0148,Victor Petrov,2026-06-20,Paid Social,5,0,2,0,0,1,0,0.0,38,Window Shopper
HC-0149,Omar Kim,2024-12-14,Convention Booth,0,1,0,0,0,2,0,0.0,10,Window Shopper
HC-0150,Morgan Mbeki,2026-07-15,Organic Search,1,0,5,0,0,0,0,0.0,1,New Signup
HC-0151,Lucia Reyes,2026-06-19,Influencer,12,5,6,2,3,3,0,0.0,2,Engaged Prospect
HC-0152,Andre Meyer,2026-07-23,Organic Search,7,1,4,0,0,0,0,0.0,6,New Signup
HC-0153,Hayden Reyes,2023-07-29,Direct,0,0,0,0,0,2,3,833.95,359,Lapsed Buyer
HC-0154,Lucia Lindqvist,2024-08-07,Organic Search,0,0,0,0,0,0,3,955.5,144,Lapsed Buyer
HC-0155,Rowan Barros,2023-08-07,Direct,1,0,1,0,0,0,3,1203.55,113,Lapsed Buyer
HC-0156,Rowan Nguyen,2026-07-21,Organic Search,4,0,3,0,0,0,0,0.0,1,New Signup
HC-0157,Reese Chen,2025-01-26,Email Referral,6,1,2,0,0,1,0,0.0,15,Window Shopper
HC-0158,Riley Ito,2024-11-12,Paid Social,1,2,0,0,0,1,0,0.0,40,Window Shopper
HC-0159,Ingrid Kowalski,2026-03-09,Paid Social,7,2,11,3,2,3,0,0.0,6,Engaged Prospect
HC-0160,Ingrid Tanaka,2022-12-21,Convention Booth,14,5,7,4,1,6,20,11447.32,18,Whale Collector
HC-0161,Rowan Anders,2026-02-26,Paid Social,11,9,8,4,2,0,0,0.0,0,Engaged Prospect
HC-0162,Reese Silva,2026-07-22,Direct,2,1,1,0,0,0,0,0.0,8,New Signup
HC-0163,Marcus Anders,2026-07-25,Paid Social,5,2,5,0,1,1,0,0.0,8,New Signup
HC-0164,Hayden Petrov,2024-08-23,Direct,0,0,1,0,0,0,13,4052.22,98,At-Risk VIP
HC-0165,Naomi Mbeki,2025-04-25,Email Referral,2,0,0,0,0,3,1,476.74,92,Lapsed Buyer
HC-0166,Zara Barros,2025-11-19,Convention Booth,3,0,1,0,0,0,0,0.0,13,Window Shopper
HC-0167,Taylor Osei,2023-08-11,Email Referral,0,0,0,0,0,0,2,710.07,257,Lapsed Buyer
HC-0168,Alex Larsen,2023-07-07,Convention Booth,1,0,0,0,0,2,2,711.84,105,Lapsed Buyer
HC-0169,Sofia Kim,2025-03-21,Influencer,9,2,3,0,0,1,0,0.0,31,Window Shopper
HC-0170,Casey Silva,2026-07-06,Organic Search,5,0,0,2,0,0,0,0.0,1,New Signup
HC-0171,Jordan Meyer,2025-04-04,Influencer,7,0,4,0,0,3,0,0.0,12,Window Shopper
HC-0172,Alex Petrov,2025-09-22,Direct,0,0,0,0,0,4,2,671.28,225,Lapsed Buyer
HC-0173,Riley Kim,2024-05-20,Email Referral,1,0,0,0,0,3,3,1573.29,138,Lapsed Buyer
HC-0174,Omar Tanaka,2026-04-01,Paid Social,8,1,15,2,1,4,0,0.0,8,Engaged Prospect
HC-0175,Amara Okafor,2025-03-20,Paid Social,18,5,13,5,0,7,10,4732.25,4,Whale Collector
HC-0176,Rowan Larsen,2025-08-30,Paid Social,6,0,3,0,0,1,0,0.0,35,Window Shopper
HC-0177,Victor Reyes,2023-06-04,Paid Social,0,0,1,0,0,1,3,1231.52,215,Lapsed Buyer
HC-0178,Victor Torres,2026-07-21,Organic Search,6,2,2,2,0,1,0,0.0,13,New Signup
HC-0179,Elena Novak,2023-09-25,Organic Search,2,0,0,0,0,1,2,754.07,156,Lapsed Buyer
HC-0180,Emerson Kowalski,2022-06-26,Paid Social,3,1,0,0,0,7,9,4895.29,69,At-Risk VIP
HC-0181,Devon Mbeki,2026-07-12,Convention Booth,3,0,1,1,0,0,0,0.0,6,New Signup
HC-0182,Alex Ito,2026-07-11,Email Referral,4,0,2,0,0,0,0,0.0,5,New Signup
HC-0183,Andre Lindqvist,2026-07-19,Direct,3,1,4,0,1,0,0,0.0,8,New Signup
HC-0184,Riley Osei,2025-07-31,Direct,4,1,0,0,0,1,0,0.0,13,Window Shopper
HC-0185,Quinn Ito,2026-07-09,Organic Search,3,3,4,0,0,0,0,0.0,8,New Signup
HC-0186,Morgan Okafor,2022-10-16,Convention Booth,21,6,16,1,0,11,16,9349.53,14,Whale Collector
HC-0187,Sofia Kim,2024-12-17,Email Referral,11,9,14,5,1,10,11,5884.51,11,Whale Collector
HC-0188,Priya Mbeki,2025-01-11,Paid Social,11,5,15,5,1,2,19,10752.16,17,Whale Collector
HC-0189,Zara Meyer,2026-03-25,Influencer,11,4,11,8,2,5,0,0.0,9,Engaged Prospect
HC-0190,Jordan Silva,2026-04-28,Organic Search,8,2,7,3,0,1,0,0.0,0,Engaged Prospect
HC-0191,Hayden Kowalski,2026-07-03,Convention Booth,13,7,7,4,0,8,0,0.0,1,Engaged Prospect
HC-0192,Alex Novak,2026-06-20,Paid Social,7,0,1,0,0,1,0,0.0,22,Window Shopper
HC-0193,Lucia Novak,2024-07-28,Paid Social,12,4,13,2,3,5,11,6001.85,10,Whale Collector
HC-0194,Zara Anders,2024-05-02,Email Referral,1,0,0,0,0,0,1,276.03,114,Lapsed Buyer
HC-0195,Felix Anders,2026-06-24,Organic Search,11,6,3,5,2,3,0,0.0,2,Engaged Prospect
HC-0196,Omar Ito,2024-04-05,Paid Social,0,0,0,0,0,0,2,796.29,310,Lapsed Buyer
HC-0197,Elena Lindqvist,2025-01-28,Paid Social,14,4,5,1,0,6,20,12831.09,7,Whale Collector
HC-0198,Ingrid Petrov,2025-10-03,Convention Booth,6,0,0,0,0,0,0,0.0,18,Window Shopper
HC-0199,Quinn Larsen,2026-07-13,Organic Search,3,0,3,0,0,1,0,0.0,0,New Signup
HC-0200,Felix Silva,2025-07-11,Organic Search,10,3,1,1,0,1,0,0.0,12,Window Shopper
HC-0201,Sam Petrov,2026-07-16,Direct,5,0,0,1,0,2,0,0.0,1,New Signup
HC-0202,Ingrid Kim,2023-05-08,Email Referral,0,0,0,0,0,1,2,966.76,322,Lapsed Buyer
HC-0203,Felix Chen,2024-06-30,Paid Social,1,0,1,0,0,2,1,327.17,196,Lapsed Buyer
HC-0204,Sam Rossi,2026-05-05,Email Referral,8,3,11,5,0,0,0,0.0,9,Engaged Prospect
HC-0205,Andre Larsen,2025-08-05,Influencer,7,1,1,0,0,0,0,0.0,10,Window Shopper
HC-0206,Quinn Fuentes,2025-05-07,Direct,10,4,10,0,0,4,7,4154.58,7,Whale Collector
HC-0207,Amara Haddad,2026-07-31,Paid Social,2,0,5,0,1,1,1,269.4,11,New Signup
HC-0208,Lucia Meyer,2026-07-29,Paid Social,3,1,2,0,0,2,0,0.0,9,New Signup
HC-0209,Kenji Novak,2026-07-13,Direct,1,2,3,0,0,2,1,359.39,5,New Signup
HC-0210,Amara Rossi,2024-08-22,Email Referral,18,2,14,2,0,6,15,6934.86,5,Whale Collector
HC-0211,Diego Osei,2026-03-15,Influencer,7,2,1,0,0,1,0,0.0,6,Window Shopper
HC-0212,Andre Silva,2026-06-28,Direct,6,1,1,0,0,1,0,0.0,43,Window Shopper
HC-0213,Alex Chen,2023-05-12,Organic Search,0,0,0,0,0,12,12,3161.09,52,At-Risk VIP
HC-0214,Casey Meyer,2023-06-17,Organic Search,3,0,0,0,0,2,2,848.29,341,Lapsed Buyer
HC-0215,Rowan Mbeki,2026-07-11,Organic Search,0,0,3,0,1,1,0,0.0,3,New Signup
HC-0216,Jordan Nguyen,2024-11-15,Organic Search,4,1,1,0,0,0,0,0.0,41,Window Shopper
HC-0217,Riley Silva,2026-07-24,Organic Search,0,1,4,2,0,1,0,0.0,6,New Signup
HC-0218,Rowan Nguyen,2026-07-16,Direct,1,0,5,1,0,2,0,0.0,6,New Signup
HC-0219,Victor Barros,2024-02-10,Organic Search,3,0,0,0,0,2,13,4199.86,95,At-Risk VIP
HC-0220,Quinn Kowalski,2023-11-24,Influencer,0,0,0,0,0,2,2,484.88,191,Lapsed Buyer
HC-0221,Naomi Tanaka,2026-07-28,Organic Search,2,1,5,0,0,1,0,0.0,2,New Signup
HC-0222,Rowan Tanaka,2026-04-25,Paid Social,6,8,9,1,2,3,0,0.0,8,Engaged Prospect
HC-0223,Sam Tanaka,2024-12-19,Direct,6,1,2,0,0,1,0,0.0,5,Window Shopper
HC-0224,Sofia Chen,2024-02-06,Email Referral,0,0,0,0,0,1,2,547.35,237,Lapsed Buyer
HC-0225,Zara Tanaka,2024-01-09,Paid Social,1,0,0,0,0,2,2,572.36,224,Lapsed Buyer
HC-0226,Zara Lindqvist,2024-11-28,Organic Search,1,0,1,0,0,6,11,4281.31,98,At-Risk VIP
HC-0227,Zara Larsen,2025-03-28,Paid Social,0,0,0,0,0,0,2,845.44,286,Lapsed Buyer
HC-0228,Casey Haddad,2023-07-16,Organic Search,2,0,0,0,0,2,2,656.51,240,Lapsed Buyer
HC-0229,Amara Fuentes,2026-07-15,Direct,0,1,2,1,1,1,0,0.0,10,New Signup
HC-0230,Taylor Reyes,2026-07-25,Email Referral,2,0,6,0,0,2,0,0.0,0,New Signup
HC-0231,Felix Haddad,2025-12-01,Organic Search,6,1,1,0,0,3,0,0.0,3,Window Shopper
HC-0232,Taylor Petrov,2025-09-02,Influencer,3,0,0,0,0,4,2,572.68,219,Lapsed Buyer
HC-0233,Hayden Kowalski,2026-07-17,Organic Search,3,1,3,2,0,0,0,0.0,0,New Signup
HC-0234,Taylor Mbeki,2026-07-30,Email Referral,2,1,4,0,0,0,0,0.0,1,New Signup
HC-0235,Sam Anders,2026-03-23,Paid Social,8,1,8,3,3,1,0,0.0,5,Engaged Prospect
HC-0236,Skyler Barros,2022-12-31,Influencer,14,5,14,4,0,9,7,2039.9,5,Whale Collector
HC-0237,Skyler Lindqvist,2024-05-06,Organic Search,0,0,0,0,0,3,1,437.07,357,Lapsed Buyer
HC-0238,Omar Osei,2026-06-18,Organic Search,10,5,7,2,3,4,0,0.0,3,Engaged Prospect
HC-0239,Skyler Okafor,2024-10-13,Paid Social,5,0,4,0,0,0,0,0.0,23,Window Shopper
HC-0240,Rowan Silva,2026-07-20,Organic Search,7,0,2,1,0,0,0,0.0,4,New Signup
HC-0241,Andre Barros,2024-10-29,Email Referral,5,2,4,0,0,1,0,0.0,11,Window Shopper
HC-0242,Andre Mbeki,2026-07-05,Paid Social,10,5,8,1,0,5,0,0.0,4,Engaged Prospect
HC-0243,Victor Kowalski,2025-05-14,Organic Search,8,3,4,0,0,0,0,0.0,30,Window Shopper
HC-0244,Felix Lindqvist,2024-11-16,Email Referral,0,0,1,0,0,1,2,863.36,138,Lapsed Buyer
HC-0245,Amara Fuentes,2022-10-11,Email Referral,4,0,1,0,0,4,11,5647.72,85,At-Risk VIP
HC-0246,Alex Fuentes,2025-02-11,Organic Search,8,1,6,0,0,2,0,0.0,35,Window Shopper
HC-0247,Quinn Meyer,2026-03-19,Organic Search,12,3,10,7,1,3,0,0.0,5,Engaged Prospect
HC-0248,Skyler Nguyen,2023-05-19,Influencer,1,0,1,0,0,5,2,728.54,322,Lapsed Buyer
HC-0249,Elena Lindqvist,2026-07-08,Direct,2,2,4,1,0,2,0,0.0,2,New Signup
HC-0250,Sofia Tanaka,2026-02-03,Organic Search,7,1,1,0,0,0,0,0.0,17,Window Shopper
HC-0251,Emerson Fuentes,2024-09-22,Paid Social,6,2,3,0,0,2,0,0.0,33,Window Shopper
HC-0252,Rowan Osei,2025-05-11,Direct,5,2,5,0,0,0,0,0.0,28,Window Shopper
HC-0253,Andre Mbeki,2026-04-14,Organic Search,4,5,10,3,2,2,0,0.0,8,Engaged Prospect
HC-0254,Sam Mbeki,2026-04-01,Influencer,13,4,12,3,3,4,0,0.0,0,Engaged Prospect
HC-0255,Elena Okafor,2026-03-20,Direct,3,0,3,0,0,0,0,0.0,34,Window Shopper
HC-0256,Avery Nguyen,2026-02-28,Organic Search,3,2,5,0,0,0,0,0.0,30,Window Shopper
HC-0257,Sam Ito,2024-11-02,Direct,3,0,2,0,0,4,11,6647.59,53,At-Risk VIP
HC-0258,Victor Kim,2025-09-03,Paid Social,0,0,0,0,0,3,2,564.55,245,Lapsed Buyer
HC-0259,Diego Rossi,2026-05-06,Organic Search,5,0,5,0,0,1,0,0.0,31,Window Shopper
HC-0260,Taylor Anders,2026-02-06,Paid Social,2,1,3,0,0,0,0,0.0,41,Window Shopper
HC-0261,Felix Lindqvist,2024-12-30,Paid Social,1,0,2,0,0,0,8,3693.86,118,At-Risk VIP
HC-0262,Ingrid Kim,2024-10-31,Paid Social,0,0,0,0,0,0,1,405.44,287,Lapsed Buyer
HC-0263,Ingrid Osei,2026-03-05,Paid Social,9,5,8,4,1,4,0,0.0,8,Engaged Prospect
HC-0264,Naomi Lindqvist,2026-01-15,Direct,6,5,6,1,2,5,0,0.0,1,Engaged Prospect
HC-0265,Diego Meyer,2026-04-07,Organic Search,9,7,9,2,3,1,0,0.0,0,Engaged Prospect
HC-0266,Felix Chen,2023-05-01,Influencer,5,0,0,0,0,6,5,2359.19,86,At-Risk VIP
HC-0267,Elena Reyes,2026-07-04,Email Referral,3,1,5,1,0,1,0,0.0,10,New Signup
HC-0268,Devon Petrov,2026-04-12,Organic Search,8,5,6,5,3,3,0,0.0,5,Engaged Prospect
HC-0269,Ingrid Meyer,2024-10-22,Paid Social,7,1,2,0,0,0,0,0.0,34,Window Shopper
HC-0270,Victor Haddad,2026-07-08,Organic Search,2,2,1,1,0,1,0,0.0,4,New Signup
HC-0271,Kenji Barros,2025-08-16,Email Referral,0,0,1,0,0,0,1,382.62,358,Lapsed Buyer
HC-0272,Taylor Petrov,2026-06-11,Paid Social,10,2,9,2,0,3,0,0.0,2,Engaged Prospect
HC-0273,Ingrid Novak,2025-02-06,Email Referral,4,1,2,0,0,3,0,0.0,28,Window Shopper
HC-0274,Lucia Kim,2026-07-19,Paid Social,0,0,2,0,0,0,0,0.0,2,New Signup
HC-0275,Avery Barros,2025-03-13,Direct,4,2,6,0,0,0,0,0.0,43,Window Shopper
HC-0276,Sofia Okafor,2025-01-06,Direct,0,0,1,0,0,1,2,410.07,223,Lapsed Buyer
HC-0277,Taylor Meyer,2024-10-05,Direct,0,0,2,0,0,3,14,8326.59,69,At-Risk VIP
HC-0278,Rowan Fuentes,2024-12-01,Email Referral,0,0,0,0,0,2,1,353.19,231,Lapsed Buyer
HC-0279,Morgan Barros,2026-07-24,Organic Search,1,1,2,1,0,2,1,418.34,7,New Signup
HC-0280,Casey Okafor,2026-07-09,Paid Social,2,0,4,1,0,0,0,0.0,8,New Signup
HC-0281,Emerson Kim,2024-09-22,Organic Search,0,0,1,0,0,0,2,832.48,216,Lapsed Buyer
HC-0282,Morgan Novak,2025-07-09,Influencer,4,0,1,0,0,1,0,0.0,36,Window Shopper
HC-0283,Lucia Nguyen,2024-09-23,Organic Search,12,7,13,2,1,7,13,6017.33,6,Whale Collector
HC-0284,Naomi Torres,2024-10-16,Organic Search,4,1,0,0,0,0,0,0.0,10,Window Shopper
HC-0285,Zara Nguyen,2024-03-02,Email Referral,0,0,0,0,0,2,2,617.23,303,Lapsed Buyer
HC-0286,Skyler Mbeki,2026-06-21,Organic Search,10,5,8,1,1,4,0,0.0,8,Engaged Prospect
HC-0287,Sofia Larsen,2026-06-04,Convention Booth,13,1,6,1,2,5,0,0.0,9,Engaged Prospect
HC-0288,Emerson Osei,2026-05-21,Organic Search,6,1,1,0,0,1,0,0.0,37,Window Shopper
HC-0289,Casey Osei,2024-06-05,Influencer,0,0,0,0,0,0,3,1025.64,344,Lapsed Buyer
HC-0290,Rowan Fuentes,2026-07-06,Influencer,3,0,0,0,1,1,0,0.0,0,New Signup
HC-0291,Riley Okafor,2025-01-02,Paid Social,0,0,2,0,0,5,13,5917.53,91,At-Risk VIP
HC-0292,Felix Mbeki,2026-03-02,Direct,6,4,9,4,2,4,0,0.0,1,Engaged Prospect
HC-0293,Taylor Nguyen,2026-07-30,Paid Social,0,0,7,0,0,0,0,0.0,0,New Signup
HC-0294,Riley Haddad,2024-05-01,Convention Booth,4,0,0,0,0,0,2,733.99,233,Lapsed Buyer
HC-0295,Quinn Chen,2023-10-05,Paid Social,1,0,0,0,0,2,3,1242.12,265,Lapsed Buyer
HC-0296,Sofia Kowalski,2026-07-27,Direct,2,0,3,0,1,0,0,0.0,11,New Signup
HC-0297,Quinn Kim,2026-07-23,Organic Search,2,1,1,0,0,3,0,0.0,1,New Signup
HC-0298,Naomi Tanaka,2026-07-12,Paid Social,2,0,3,0,0,1,0,0.0,4,New Signup
HC-0299,Andre Silva,2026-07-07,Direct,5,1,4,1,0,2,0,0.0,4,New Signup
HC-0300,Hayden Reyes,2025-06-21,Organic Search,1,0,4,1,0,0,0,0.0,5,Window Shopper
HC-0301,Kenji Ito,2023-11-11,Paid Social,0,0,1,0,0,4,1,505.15,119,Lapsed Buyer
HC-0302,Omar Petrov,2026-03-09,Email Referral,14,4,4,4,2,8,0,0.0,8,Engaged Prospect
HC-0303,Quinn Tanaka,2024-09-20,Email Referral,0,0,0,0,0,1,2,647.11,299,Lapsed Buyer
HC-0304,Rowan Kim,2025-04-07,Organic Search,0,0,0,0,0,0,1,539.61,189,Lapsed Buyer
HC-0305,Diego Torres,2025-03-06,Direct,0,0,0,0,0,2,2,803.07,254,Lapsed Buyer
HC-0306,Alex Tanaka,2026-01-04,Organic Search,4,1,4,0,0,0,0,0.0,37,Window Shopper
HC-0307,Andre Anders,2025-08-05,Organic Search,6,2,6,0,0,1,0,0.0,32,Window Shopper
HC-0308,Hayden Nguyen,2025-06-09,Paid Social,10,3,7,0,0,1,0,0.0,20,Window Shopper
HC-0309,Sofia Barros,2024-03-23,Organic Search,9,7,6,6,0,9,18,7663.27,10,Whale Collector
HC-0310,Hayden Larsen,2026-07-06,Paid Social,3,0,0,1,0,0,0,0.0,7,New Signup
HC-0311,Avery Novak,2025-04-08,Organic Search,6,0,7,0,0,1,0,0.0,22,Window Shopper
HC-0312,Emerson Fuentes,2026-02-05,Influencer,7,0,3,0,0,0,0,0.0,14,Window Shopper
HC-0313,Hayden Meyer,2026-01-21,Paid Social,3,1,3,0,0,3,0,0.0,21,Window Shopper
HC-0314,Kenji Haddad,2024-06-02,Organic Search,0,0,0,0,0,0,2,662.96,349,Lapsed Buyer
HC-0315,Jordan Rossi,2024-10-01,Organic Search,4,3,3,0,0,0,0,0.0,4,Window Shopper
HC-0316,Amara Chen,2026-07-31,Convention Booth,4,0,1,0,0,0,0,0.0,2,New Signup
HC-0317,Taylor Lindqvist,2026-07-30,Organic Search,3,2,5,0,1,0,1,361.42,8,New Signup
HC-0318,Devon Rossi,2025-08-04,Organic Search,5,0,6,0,0,1,0,0.0,32,Window Shopper
HC-0319,Riley Rossi,2026-05-30,Influencer,5,7,7,2,3,5,0,0.0,0,Engaged Prospect
HC-0320,Naomi Petrov,2023-04-29,Influencer,0,0,0,0,0,0,2,795.41,111,Lapsed Buyer
HC-0321,Marcus Lindqvist,2026-07-30,Convention Booth,4,0,2,2,1,2,1,296.07,12,New Signup
HC-0322,Victor Torres,2026-07-10,Paid Social,9,7,15,5,2,4,0,0.0,4,Engaged Prospect
HC-0323,Felix Fuentes,2025-02-09,Organic Search,1,0,0,0,0,0,2,610.08,186,Lapsed Buyer
HC-0324,Jordan Barros,2026-07-03,Paid Social,3,2,5,0,0,1,0,0.0,8,New Signup
HC-0325,Omar Haddad,2026-07-30,Direct,4,0,2,1,1,1,0,0.0,4,New Signup
HC-0326,Priya Haddad,2023-01-20,Organic Search,1,1,0,0,0,2,12,6065.62,112,At-Risk VIP
HC-0327,Quinn Lindqvist,2024-12-08,Email Referral,1,0,0,0,0,4,8,4628.08,112,At-Risk VIP
HC-0328,Victor Tanaka,2026-07-04,Organic Search,0,0,4,1,0,0,0,0.0,10,New Signup
HC-0329,Emerson Ito,2024-01-20,Organic Search,0,0,0,0,0,7,7,3240.48,86,At-Risk VIP
HC-0330,Felix Chen,2026-04-08,Paid Social,8,7,6,1,2,1,0,0.0,5,Engaged Prospect
HC-0331,Taylor Novak,2024-10-18,Organic Search,8,0,5,1,0,0,0,0.0,32,Window Shopper
HC-0332,Avery Tanaka,2025-02-24,Organic Search,9,0,4,0,0,0,0,0.0,22,Window Shopper
HC-0333,Rowan Nguyen,2025-03-21,Convention Booth,0,0,1,0,0,0,3,1131.4,297,Lapsed Buyer
HC-0334,Skyler Meyer,2026-02-08,Convention Booth,10,6,6,3,2,4,0,0.0,2,Engaged Prospect
HC-0335,Rowan Nguyen,2026-07-24,Email Referral,4,0,0,1,0,0,0,0.0,0,New Signup
HC-0336,Marcus Nguyen,2026-07-06,Email Referral,6,4,9,5,1,3,0,0.0,6,Engaged Prospect
HC-0337,Sofia Larsen,2024-12-09,Paid Social,0,0,0,0,0,0,3,1422.44,309,Lapsed Buyer
HC-0338,Casey Haddad,2023-08-10,Organic Search,15,7,13,2,0,14,6,3315.19,7,Whale Collector
HC-0339,Sofia Haddad,2025-12-06,Organic Search,5,0,0,0,0,2,0,0.0,21,Window Shopper
HC-0340,Morgan Barros,2024-01-31,Paid Social,11,6,15,6,0,10,9,3843.32,6,Whale Collector
HC-0341,Morgan Kowalski,2026-05-18,Paid Social,1,1,3,0,0,1,0,0.0,5,Window Shopper
HC-0342,Alex Barros,2025-08-01,Convention Booth,6,0,2,0,0,1,0,0.0,36,Window Shopper
HC-0343,Devon Barros,2024-08-20,Paid Social,1,0,1,0,0,3,1,393.21,228,Lapsed Buyer
HC-0344,Avery Fuentes,2026-03-31,Convention Booth,3,0,3,0,0,1,0,0.0,15,Window Shopper
HC-0345,Emerson Chen,2024-09-12,Direct,11,3,13,4,0,5,14,7655.29,14,Whale Collector
HC-0346,Jordan Larsen,2026-07-12,Paid Social,3,2,4,1,0,1,0,0.0,7,New Signup
HC-0347,Sam Barros,2026-07-24,Paid Social,3,1,0,1,0,2,0,0.0,10,New Signup
HC-0348,Avery Larsen,2026-07-14,Paid Social,1,1,5,0,0,0,0,0.0,4,New Signup
HC-0349,Priya Reyes,2026-04-01,Organic Search,13,1,12,6,2,5,0,0.0,3,Engaged Prospect
HC-0350,Devon Petrov,2026-06-01,Paid Social,7,2,8,0,0,1,0,0.0,14,Window Shopper
HC-0351,Skyler Osei,2026-02-06,Convention Booth,8,3,11,3,3,7,0,0.0,6,Engaged Prospect
HC-0352,Avery Kowalski,2024-02-01,Paid Social,0,0,1,0,0,5,12,6538.62,107,At-Risk VIP
HC-0353,Andre Larsen,2025-05-16,Paid Social,16,4,15,4,2,6,15,7968.05,19,Whale Collector
HC-0354,Elena Novak,2024-10-07,Influencer,10,2,4,1,0,1,0,0.0,31,Window Shopper
HC-0355,Alex Tanaka,2022-11-29,Influencer,1,0,1,0,0,9,5,2303.25,115,At-Risk VIP
HC-0356,Skyler Reyes,2026-04-01,Paid Social,13,4,10,2,2,6,0,0.0,7,Engaged Prospect
HC-0357,Hayden Reyes,2026-07-04,Paid Social,1,2,0,0,0,0,0,0.0,6,New Signup
HC-0358,Omar Barros,2025-01-05,Email Referral,8,0,0,0,0,3,0,0.0,8,Window Shopper
HC-0359,Devon Barros,2026-04-26,Convention Booth,11,3,9,4,3,2,0,0.0,4,Engaged Prospect
HC-0360,Reese Novak,2024-02-23,Convention Booth,0,0,0,0,0,4,3,1371.99,314,Lapsed Buyer
HC-0361,Quinn Nguyen,2026-02-01,Convention Booth,6,6,7,3,1,7,0,0.0,9,Engaged Prospect
HC-0362,Devon Mbeki,2026-06-15,Influencer,7,0,3,0,0,0,0,0.0,28,Window Shopper
HC-0363,Kenji Osei,2026-06-13,Convention Booth,11,4,4,4,1,5,0,0.0,6,Engaged Prospect
HC-0364,Emerson Tanaka,2025-11-19,Influencer,3,2,4,0,0,1,0,0.0,33,Window Shopper
HC-0365,Emerson Petrov,2025-01-25,Organic Search,0,0,0,0,0,3,3,1109.39,199,Lapsed Buyer
HC-0366,Priya Torres,2024-12-03,Paid Social,4,2,2,0,0,0,0,0.0,36,Window Shopper
HC-0367,Quinn Okafor,2025-02-25,Organic Search,8,2,0,0,0,1,0,0.0,34,Window Shopper
HC-0368,Priya Ito,2026-07-26,Paid Social,0,1,0,0,0,1,0,0.0,12,New Signup
HC-0369,Zara Kowalski,2026-07-16,Organic Search,3,0,3,2,0,1,1,309.75,1,New Signup
HC-0370,Felix Ito,2026-05-09,Influencer,6,5,10,3,1,6,0,0.0,1,Engaged Prospect
HC-0371,Hayden Ito,2026-02-11,Influencer,10,6,8,2,1,0,0,0.0,1,Engaged Prospect
HC-0372,Zara Novak,2023-07-14,Organic Search,0,0,1,0,0,3,11,4351.38,74,At-Risk VIP
HC-0373,Naomi Mbeki,2026-07-28,Organic Search,1,1,3,0,0,1,0,0.0,11,New Signup
HC-0374,Ingrid Haddad,2026-07-08,Organic Search,2,1,5,1,0,0,0,0.0,11,New Signup
HC-0375,Alex Rossi,2026-07-01,Organic Search,8,7,7,3,2,2,0,0.0,1,Engaged Prospect
HC-0376,Hayden Mbeki,2026-07-18,Influencer,0,1,3,0,1,0,0,0.0,6,New Signup
HC-0377,Alex Reyes,2026-05-25,Organic Search,10,1,5,1,0,5,0,0.0,0,Engaged Prospect
HC-0378,Kenji Kowalski,2025-04-25,Email Referral,3,0,0,0,0,2,0,0.0,6,Window Shopper
HC-0379,Riley Silva,2025-06-15,Influencer,5,1,1,0,0,1,0,0.0,12,Window Shopper
HC-0380,Taylor Fuentes,2026-07-11,Influencer,2,1,0,1,0,0,0,0.0,5,New Signup
HC-0381,Quinn Petrov,2024-04-07,Organic Search,6,4,5,1,1,7,17,9185.56,17,Whale Collector
HC-0382,Andre Petrov,2024-11-16,Organic Search,7,0,5,0,0,0,0,0.0,28,Window Shopper
HC-0383,Devon Nguyen,2024-12-07,Organic Search,0,0,0,0,0,0,1,408.77,302,Lapsed Buyer
HC-0384,Zara Fuentes,2025-04-20,Convention Booth,10,5,6,3,1,7,7,3931.61,10,Whale Collector
HC-0385,Hayden Mbeki,2026-03-05,Email Referral,10,7,4,4,1,4,0,0.0,2,Engaged Prospect
HC-0386,Marcus Chen,2025-07-28,Convention Booth,6,0,0,0,0,0,0,0.0,26,Window Shopper
HC-0387,Priya Ito,2026-07-14,Convention Booth,4,0,2,1,0,1,0,0.0,12,New Signup
HC-0388,Omar Kim,2025-09-18,Email Referral,2,0,0,0,0,3,3,1048.07,188,Lapsed Buyer
HC-0389,Avery Fuentes,2026-07-05,Convention Booth,3,2,4,0,0,0,0,0.0,12,New Signup
HC-0390,Quinn Barros,2024-11-22,Direct,0,0,0,0,0,0,2,643.36,248,Lapsed Buyer
HC-0391,Skyler Ito,2024-02-15,Influencer,0,0,0,0,0,5,1,329.83,122,Lapsed Buyer
HC-0392,Reese Kim,2026-07-16,Email Referral,4,0,2,0,0,0,0,0.0,1,New Signup
HC-0393,Priya Lindqvist,2023-12-07,Organic Search,0,0,0,0,0,2,2,670.08,312,Lapsed Buyer
HC-0394,Ingrid Reyes,2024-01-03,Email Referral,1,0,0,0,0,0,2,831.87,135,Lapsed Buyer
HC-0395,Felix Tanaka,2024-11-06,Direct,9,0,2,1,0,1,0,0.0,7,Window Shopper
HC-0396,Lucia Novak,2026-02-04,Organic Search,6,6,11,2,1,4,0,0.0,5,Engaged Prospect
HC-0397,Avery Okafor,2023-06-28,Convention Booth,0,0,1,0,0,0,2,1017.74,354,Lapsed Buyer
HC-0398,Morgan Fuentes,2026-07-05,Convention Booth,8,9,9,3,0,6,0,0.0,8,Engaged Prospect
HC-0399,Naomi Mbeki,2026-07-31,Convention Booth,1,1,3,1,0,2,0,0.0,11,New Signup
HC-0400,Kenji Osei,2024-12-09,Organic Search,1,0,0,0,0,0,1,178.41,279,Lapsed Buyer
HC-0401,Omar Kowalski,2026-01-17,Organic Search,7,2,1,0,0,3,0,0.0,43,Window Shopper
HC-0402,Quinn Chen,2026-07-19,Email Referral,2,1,1,0,0,2,0,0.0,6,New Signup
HC-0403,Skyler Lindqvist,2026-02-08,Paid Social,11,6,9,6,1,4,0,0.0,0,Engaged Prospect
HC-0404,Sam Rossi,2026-03-12,Paid Social,5,1,1,1,0,0,0,0.0,41,Window Shopper
HC-0405,Riley Torres,2024-10-30,Organic Search,2,0,2,0,0,5,8,4172.61,58,At-Risk VIP
HC-0406,Devon Mbeki,2026-07-13,Organic Search,1,1,0,0,0,2,0,0.0,7,New Signup
HC-0407,Alex Tanaka,2026-05-14,Direct,8,0,3,0,0,2,0,0.0,37,Window Shopper
HC-0408,Taylor Silva,2026-07-30,Direct,4,1,2,0,1,1,0,0.0,11,New Signup
HC-0409,Omar Kim,2026-06-19,Organic Search,5,4,13,2,0,6,0,0.0,3,Engaged Prospect
HC-0410,Emerson Chen,2026-07-23,Organic Search,2,0,0,0,0,1,0,0.0,0,New Signup
HC-0411,Riley Osei,2023-06-12,Email Referral,0,0,1,0,0,2,1,263.23,346,Lapsed Buyer
HC-0412,Victor Nguyen,2024-12-30,Organic Search,0,0,0,0,0,2,3,1283.42,181,Lapsed Buyer
HC-0413,Devon Haddad,2026-07-20,Email Referral,10,1,3,0,0,0,0,0.0,0,New Signup
HC-0414,Elena Tanaka,2025-09-03,Direct,10,2,1,0,0,0,0,0.0,39,Window Shopper
HC-0415,Alex Novak,2024-09-09,Organic Search,6,1,1,0,0,0,0,0.0,36,Window Shopper
HC-0416,Marcus Ito,2024-05-06,Paid Social,2,0,1,0,0,0,1,324.23,277,Lapsed Buyer
HC-0417,Naomi Larsen,2026-07-09,Convention Booth,2,3,3,0,0,2,0,0.0,13,New Signup
HC-0418,Skyler Chen,2025-10-28,Paid Social,1,0,0,0,0,0,0,0.0,11,Window Shopper
HC-0419,Naomi Fuentes,2023-05-19,Email Referral,0,0,0,0,0,0,3,1020.17,142,Lapsed Buyer
HC-0420,Ingrid Tanaka,2026-07-04,Organic Search,12,4,5,2,2,2,0,0.0,4,Engaged Prospect
HC-0421,Omar Okafor,2026-02-12,Paid Social,8,1,0,0,0,0,0,0.0,33,Window Shopper
HC-0422,Andre Silva,2025-05-19,Direct,1,0,0,0,0,0,3,618.25,292,Lapsed Buyer
HC-0423,Zara Reyes,2024-09-04,Organic Search,15,6,16,5,0,6,17,7939.97,19,Whale Collector
HC-0424,Zara Anders,2024-07-24,Organic Search,1,0,0,0,0,1,2,850.5,149,Lapsed Buyer
HC-0425,Emerson Meyer,2023-08-03,Direct,12,5,19,5,0,5,10,4799.78,19,Whale Collector
HC-0426,Avery Reyes,2026-07-27,Convention Booth,4,1,1,0,0,1,0,0.0,3,New Signup
HC-0427,Victor Mbeki,2026-01-30,Organic Search,4,3,3,1,0,1,0,0.0,17,Window Shopper
HC-0428,Rowan Barros,2026-04-23,Convention Booth,7,2,7,0,0,0,0,0.0,32,Window Shopper
HC-0429,Quinn Ito,2023-08-01,Organic Search,0,0,1,0,0,3,2,1012.39,136,Lapsed Buyer
HC-0430,Hayden Larsen,2026-04-10,Organic Search,7,1,1,0,0,1,0,0.0,35,Window Shopper
HC-0431,Kenji Osei,2025-08-05,Convention Booth,0,0,0,0,0,2,3,568.56,297,Lapsed Buyer
HC-0432,Riley Chen,2023-06-02,Email Referral,1,0,2,0,0,0,9,3820.45,94,At-Risk VIP
HC-0433,Elena Silva,2025-12-08,Paid Social,8,1,2,1,0,0,0,0.0,36,Window Shopper
HC-0434,Morgan Silva,2025-11-20,Influencer,7,2,2,0,0,1,0,0.0,39,Window Shopper
HC-0435,Riley Mbeki,2026-07-06,Organic Search,1,0,6,1,1,1,0,0.0,2,New Signup
HC-0436,Rowan Fuentes,2023-04-10,Direct,13,6,11,0,0,7,10,7320.31,14,Whale Collector
HC-0437,Andre Chen,2025-04-05,Convention Booth,9,0,5,1,0,1,0,0.0,44,Window Shopper
HC-0438,Priya Petrov,2024-11-27,Email Referral,0,0,1,0,0,2,2,666.66,340,Lapsed Buyer
HC-0439,Naomi Novak,2025-07-04,Influencer,5,2,2,2,0,0,0,0.0,12,Window Shopper
HC-0440,Omar Anders,2022-07-22,Paid Social,1,0,1,0,0,7,13,6210.96,53,At-Risk VIP
HC-0441,Naomi Rossi,2024-08-04,Email Referral,0,0,0,0,0,1,1,413.55,108,Lapsed Buyer
HC-0442,Sam Kim,2026-03-31,Direct,9,5,14,2,2,7,0,0.0,9,Engaged Prospect
HC-0443,Omar Larsen,2026-02-14,Organic Search,8,4,12,4,1,5,0,0.0,6,Engaged Prospect
HC-0444,Zara Petrov,2026-07-28,Convention Booth,2,1,1,0,0,0,0,0.0,1,New Signup
HC-0445,Naomi Nguyen,2026-07-10,Direct,10,5,6,4,1,6,0,0.0,3,Engaged Prospect
HC-0446,Diego Larsen,2024-12-04,Organic Search,5,0,3,0,0,1,0,0.0,24,Window Shopper
HC-0447,Jordan Kowalski,2024-12-11,Convention Booth,1,0,0,0,0,3,2,795.55,169,Lapsed Buyer
HC-0448,Skyler Meyer,2023-06-24,Email Referral,0,0,0,0,0,0,2,935.45,329,Lapsed Buyer
HC-0449,Casey Rossi,2026-04-02,Influencer,5,0,4,0,0,0,0,0.0,13,Window Shopper
HC-0450,Lucia Kowalski,2026-07-29,Paid Social,4,0,5,1,1,1,0,0.0,8,New Signup
HC-0451,Elena Lindqvist,2025-02-01,Influencer,5,2,1,0,0,1,0,0.0,17,Window Shopper
HC-0452,Elena Osei,2025-01-15,Paid Social,1,0,0,0,0,2,3,882.34,358,Lapsed Buyer
HC-0453,Rowan Torres,2026-07-14,Organic Search,2,2,4,1,0,0,0,0.0,1,New Signup
HC-0454,Lucia Barros,2025-05-02,Organic Search,1,0,0,0,0,0,2,780.16,306,Lapsed Buyer
HC-0455,Quinn Chen,2025-03-27,Organic Search,0,0,0,0,0,2,2,683.13,272,Lapsed Buyer
HC-0456,Reese Petrov,2025-03-31,Influencer,2,3,2,0,0,1,0,0.0,39,Window Shopper
HC-0457,Jordan Kowalski,2026-01-30,Organic Search,6,2,5,0,0,3,0,0.0,34,Window Shopper
HC-0458,Morgan Mbeki,2025-08-31,Paid Social,8,2,1,1,0,1,0,0.0,27,Window Shopper
HC-0459,Morgan Rossi,2024-08-20,Direct,2,0,1,0,0,0,1,440.42,148,Lapsed Buyer
HC-0460,Jordan Anders,2024-09-23,Organic Search,10,2,0,0,0,2,0,0.0,5,Window Shopper
HC-0461,Amara Chen,2026-06-29,Organic Search,0,2,3,0,0,0,0,0.0,21,Window Shopper
HC-0462,Amara Petrov,2025-07-25,Influencer,1,0,1,0,0,3,3,1098.97,95,Lapsed Buyer
HC-0463,Lucia Anders,2024-11-04,Influencer,5,3,6,0,0,0,0,0.0,13,Window Shopper
HC-0464,Alex Larsen,2025-11-18,Organic Search,4,2,2,0,0,0,0,0.0,31,Window Shopper
HC-0465,Quinn Silva,2026-07-21,Influencer,0,1,5,0,0,0,0,0.0,8,New Signup
HC-0466,Rowan Okafor,2025-06-02,Organic Search,10,2,5,0,0,0,0,0.0,4,Window Shopper
HC-0467,Jordan Anders,2026-07-05,Email Referral,3,0,3,1,0,1,0,0.0,11,New Signup
HC-0468,Marcus Silva,2026-07-07,Direct,1,1,1,1,0,3,0,0.0,3,New Signup
HC-0469,Lucia Meyer,2025-07-05,Influencer,8,0,4,0,0,0,0,0.0,18,Window Shopper
HC-0470,Jordan Kim,2024-03-28,Organic Search,0,0,0,0,0,2,3,929.94,332,Lapsed Buyer
HC-0471,Lucia Anders,2024-07-05,Influencer,11,7,15,5,1,12,8,4003.18,18,Whale Collector
HC-0472,Rowan Kim,2024-11-09,Email Referral,9,1,5,0,0,1,0,0.0,29,Window Shopper
HC-0473,Lucia Novak,2026-07-20,Organic Search,0,3,6,2,0,2,0,0.0,12,New Signup
HC-0474,Skyler Osei,2026-06-11,Paid Social,3,2,1,0,0,0,0,0.0,37,Window Shopper
HC-0475,Skyler Tanaka,2026-01-01,Organic Search,11,3,2,0,0,0,0,0.0,33,Window Shopper
HC-0476,Reese Kowalski,2025-05-16,Convention Booth,1,0,1,0,0,1,2,768.49,172,Lapsed Buyer
HC-0477,Felix Barros,2023-06-02,Influencer,0,0,0,0,0,1,2,740.4,312,Lapsed Buyer
HC-0478,Victor Ito,2025-09-16,Organic Search,3,0,2,1,0,1,0,0.0,18,Window Shopper
HC-0479,Taylor Meyer,2024-11-09,Influencer,6,1,3,1,0,0,0,0.0,31,Window Shopper
HC-0480,Quinn Ito,2026-03-24,Organic Search,12,4,6,3,0,5,0,0.0,5,Engaged Prospect
HC-0481,Priya Chen,2024-10-20,Paid Social,0,1,0,0,0,0,0,0.0,21,Window Shopper
HC-0482,Diego Lindqvist,2025-06-30,Paid Social,6,1,0,0,0,1,0,0.0,18,Window Shopper
HC-0483,Elena Mbeki,2024-09-07,Organic Search,4,0,1,0,0,0,0,0.0,23,Window Shopper
HC-0484,Kenji Nguyen,2026-07-12,Organic Search,1,0,4,1,0,1,0,0.0,6,New Signup
HC-0485,Reese Meyer,2025-11-05,Organic Search,7,2,1,0,0,1,0,0.0,27,Window Shopper
HC-0486,Victor Torres,2024-11-28,Email Referral,9,1,3,1,0,0,0,0.0,37,Window Shopper
HC-0487,Rowan Osei,2026-04-06,Organic Search,7,1,4,1,0,0,0,0.0,35,Window Shopper
HC-0488,Lucia Okafor,2026-04-04,Direct,5,0,4,1,0,3,0,0.0,42,Window Shopper
HC-0489,Victor Tanaka,2026-07-09,Direct,6,0,4,1,0,0,0,0.0,6,New Signup
HC-0490,Diego Novak,2026-07-14,Paid Social,1,0,0,0,0,0,0,0.0,11,New Signup
HC-0491,Sam Reyes,2025-09-16,Paid Social,2,0,6,1,0,0,0,0.0,31,Window Shopper
HC-0492,Devon Torres,2026-06-25,Influencer,9,4,10,1,0,1,0,0.0,5,Engaged Prospect
HC-0493,Emerson Novak,2026-07-10,Organic Search,2,0,3,2,0,1,1,382.46,13,New Signup
HC-0494,Reese Rossi,2025-05-30,Direct,6,1,2,0,0,1,0,0.0,5,Window Shopper
HC-0495,Sam Larsen,2025-01-06,Email Referral,0,0,1,0,0,2,1,318.71,178,Lapsed Buyer
HC-0496,Morgan Haddad,2024-08-19,Convention Booth,4,0,0,0,0,4,7,3102.64,82,At-Risk VIP
HC-0497,Emerson Reyes,2026-07-05,Influencer,1,0,3,1,0,2,0,0.0,8,New Signup
HC-0498,Victor Barros,2025-07-17,Influencer,2,0,0,0,0,1,0,0.0,32,Window Shopper
HC-0499,Casey Chen,2024-12-11,Paid Social,5,0,4,0,0,0,0,0.0,8,Window Shopper
HC-0500,Hayden Chen,2026-02-13,Paid Social,12,5,7,2,3,7,0,0.0,0,Engaged Prospect
HC-0501,Naomi Silva,2025-05-06,Convention Booth,8,0,1,0,0,3,0,0.0,5,Window Shopper
HC-0502,Alex Lindqvist,2026-07-15,Organic Search,2,0,4,0,0,0,0,0.0,3,New Signup
HC-0503,Priya Okafor,2026-07-15,Organic Search,0,1,0,1,0,0,0,0.0,3,New Signup
HC-0504,Omar Osei,2025-02-26,Organic Search,2,2,0,0,0,0,0,0.0,15,Window Shopper
HC-0505,Quinn Meyer,2025-07-30,Email Referral,0,0,0,0,0,0,1,399.51,320,Lapsed Buyer
HC-0506,Skyler Ito,2025-07-08,Paid Social,8,2,2,0,0,1,0,0.0,33,Window Shopper
HC-0507,Rowan Barros,2024-12-23,Influencer,8,0,5,0,0,0,0,0.0,4,Window Shopper
HC-0508,Alex Fuentes,2024-12-07,Email Referral,2,1,1,0,0,1,0,0.0,24,Window Shopper
HC-0509,Zara Osei,2026-06-15,Paid Social,10,3,11,4,3,7,0,0.0,9,Engaged Prospect
HC-0510,Casey Novak,2025-05-15,Organic Search,6,1,0,0,0,3,0,0.0,19,Window Shopper
HC-0511,Taylor Osei,2024-10-08,Email Referral,2,0,0,0,0,1,3,1200.87,173,Lapsed Buyer
HC-0512,Taylor Ito,2026-07-29,Paid Social,4,0,2,1,0,0,0,0.0,0,New Signup
HC-0513,Devon Mbeki,2024-07-18,Paid Social,12,5,15,4,0,6,7,3793.01,6,Whale Collector
HC-0514,Amara Mbeki,2024-09-29,Convention Booth,0,0,0,0,0,4,2,828.8,207,Lapsed Buyer
HC-0515,Riley Okafor,2026-07-31,Email Referral,4,1,4,0,0,0,0,0.0,0,New Signup
HC-0516,Avery Meyer,2025-09-21,Paid Social,8,0,1,1,0,3,0,0.0,24,Window Shopper
HC-0517,Priya Reyes,2024-11-23,Paid Social,8,7,13,4,0,8,9,4974.5,9,Whale Collector
HC-0518,Emerson Silva,2024-11-22,Paid Social,2,0,1,0,0,0,3,835.63,296,Lapsed Buyer
HC-0519,Quinn Mbeki,2026-02-01,Paid Social,13,1,12,3,1,1,0,0.0,4,Engaged Prospect
HC-0520,Quinn Lindqvist,2024-02-20,Organic Search,2,0,0,0,0,0,3,985.98,304,Lapsed Buyer
HC-0521,Victor Silva,2026-04-10,Email Referral,8,1,2,0,0,1,0,0.0,37,Window Shopper
HC-0522,Andre Torres,2025-08-31,Direct,1,0,0,0,0,2,1,510.01,288,Lapsed Buyer
HC-0523,Sofia Lindqvist,2026-05-14,Organic Search,9,3,4,3,2,3,0,0.0,9,Engaged Prospect
HC-0524,Lucia Okafor,2026-01-15,Direct,5,0,0,0,0,0,0,0.0,4,Window Shopper
HC-0525,Avery Tanaka,2025-05-15,Direct,4,0,2,0,0,1,0,0.0,44,Window Shopper
HC-0526,Ingrid Torres,2025-07-26,Paid Social,2,0,0,0,0,2,1,441.64,245,Lapsed Buyer
HC-0527,Sofia Haddad,2026-05-21,Email Referral,10,9,9,3,1,3,0,0.0,4,Engaged Prospect
HC-0528,Casey Tanaka,2026-07-25,Organic Search,3,1,5,2,0,0,0,0.0,8,New Signup
HC-0529,Sofia Ito,2026-05-18,Organic Search,3,5,8,4,1,4,0,0.0,3,Engaged Prospect
HC-0530,Felix Reyes,2025-04-24,Organic Search,6,3,3,0,0,0,0,0.0,27,Window Shopper
HC-0531,Sam Kowalski,2026-06-28,Convention Booth,10,3,12,3,1,4,0,0.0,3,Engaged Prospect
HC-0532,Hayden Mbeki,2023-04-25,Email Referral,14,4,6,2,0,7,19,9187.87,14,Whale Collector
HC-0533,Avery Larsen,2025-10-08,Paid Social,0,0,1,0,0,0,0,0.0,35,Window Shopper
HC-0534,Marcus Petrov,2026-07-09,Paid Social,2,0,6,1,0,2,0,0.0,1,New Signup
HC-0535,Elena Meyer,2023-06-22,Organic Search,1,0,0,0,0,0,2,576.02,205,Lapsed Buyer
HC-0536,Omar Petrov,2026-06-15,Convention Booth,11,5,4,4,2,5,0,0.0,7,Engaged Prospect
HC-0537,Omar Silva,2026-03-14,Convention Booth,14,4,14,6,2,7,0,0.0,8,Engaged Prospect
HC-0538,Zara Osei,2025-03-15,Email Referral,6,1,3,1,0,1,0,0.0,4,Window Shopper
HC-0539,Devon Novak,2024-06-08,Influencer,0,0,0,0,0,0,3,927.63,254,Lapsed Buyer
HC-0540,Ingrid Haddad,2025-07-29,Paid Social,9,2,5,1,0,0,0,0.0,22,Window Shopper
HC-0541,Naomi Mbeki,2026-07-16,Influencer,2,0,4,0,0,1,0,0.0,10,New Signup
HC-0542,Reese Chen,2024-05-10,Paid Social,0,0,1,0,0,0,2,494.81,95,Lapsed Buyer
HC-0543,Diego Mbeki,2025-04-13,Organic Search,2,0,1,0,0,5,1,474.09,268,Lapsed Buyer
HC-0544,Jordan Tanaka,2024-11-05,Organic Search,0,0,2,0,0,0,3,987.45,358,Lapsed Buyer
HC-0545,Elena Nguyen,2024-01-08,Paid Social,0,0,0,0,0,0,1,343.88,93,Lapsed Buyer
HC-0546,Reese Kowalski,2024-10-21,Paid Social,9,3,3,0,0,0,0,0.0,23,Window Shopper
HC-0547,Diego Meyer,2026-05-28,Email Referral,14,5,12,2,0,3,0,0.0,8,Engaged Prospect
HC-0548,Riley Anders,2025-01-17,Organic Search,3,1,2,0,0,0,0,0.0,33,Window Shopper
HC-0549,Quinn Kowalski,2026-01-24,Organic Search,2,1,0,0,0,0,0,0.0,19,Window Shopper
HC-0550,Lucia Mbeki,2026-07-05,Paid Social,6,1,14,3,2,8,0,0.0,9,Engaged Prospect
HC-0551,Omar Tanaka,2024-12-29,Email Referral,9,2,3,0,0,1,0,0.0,8,Window Shopper
HC-0552,Amara Fuentes,2024-09-11,Convention Booth,0,0,0,0,0,2,2,646.44,228,Lapsed Buyer
HC-0553,Ingrid Osei,2026-02-26,Paid Social,5,4,3,2,1,4,0,0.0,0,Engaged Prospect
HC-0554,Priya Nguyen,2026-04-11,Organic Search,11,2,7,2,1,2,0,0.0,9,Engaged Prospect
HC-0555,Diego Fuentes,2026-05-13,Direct,9,4,8,5,2,6,0,0.0,8,Engaged Prospect
HC-0556,Morgan Novak,2026-05-16,Paid Social,16,5,3,4,1,0,0,0.0,4,Engaged Prospect
HC-0557,Taylor Kim,2026-07-04,Organic Search,8,0,2,0,0,1,0,0.0,1,New Signup
HC-0558,Reese Rossi,2023-09-24,Organic Search,6,8,15,3,1,8,11,5930.52,6,Whale Collector
HC-0559,Diego Osei,2026-02-06,Influencer,8,2,7,3,1,4,0,0.0,7,Engaged Prospect
HC-0560,Andre Rossi,2026-06-04,Direct,12,5,9,4,0,6,0,0.0,7,Engaged Prospect
HC-0561,Ingrid Tanaka,2025-05-04,Convention Booth,9,1,1,0,0,1,0,0.0,34,Window Shopper
HC-0562,Marcus Fuentes,2023-08-08,Email Referral,7,5,12,7,1,6,17,10167.55,1,Whale Collector
HC-0563,Naomi Ito,2026-01-11,Paid Social,6,0,5,0,0,0,0,0.0,6,Window Shopper
HC-0564,Casey Haddad,2026-01-31,Paid Social,8,2,10,1,0,3,0,0.0,5,Engaged Prospect
HC-0565,Taylor Lindqvist,2026-05-03,Organic Search,11,4,7,2,2,6,0,0.0,1,Engaged Prospect
HC-0566,Elena Fuentes,2026-07-15,Direct,3,0,5,1,0,1,0,0.0,2,New Signup
HC-0567,Felix Osei,2026-02-19,Direct,8,2,7,3,0,6,0,0.0,2,Engaged Prospect
HC-0568,Sam Kim,2025-04-06,Organic Search,1,0,1,0,0,1,3,895.24,147,Lapsed Buyer
HC-0569,Diego Rossi,2025-12-02,Paid Social,1,2,3,0,0,0,0,0.0,33,Window Shopper
HC-0570,Sofia Ito,2026-03-08,Organic Search,3,3,0,0,0,1,0,0.0,37,Window Shopper
HC-0571,Diego Mbeki,2026-07-16,Organic Search,3,3,1,2,0,1,1,402.58,6,New Signup
HC-0572,Omar Anders,2026-03-21,Convention Booth,6,6,4,5,1,4,0,0.0,3,Engaged Prospect
HC-0573,Felix Osei,2026-07-25,Convention Booth,5,2,5,1,0,0,1,336.92,1,New Signup
HC-0574,Marcus Okafor,2026-07-31,Organic Search,3,2,3,0,0,0,0,0.0,12,New Signup
HC-0575,Victor Lindqvist,2025-04-10,Paid Social,1,0,1,0,0,2,2,596.01,245,Lapsed Buyer
HC-0576,Rowan Osei,2024-05-28,Organic Search,20,1,11,4,2,3,12,6444.71,17,Whale Collector
HC-0577,Victor Silva,2024-09-10,Email Referral,0,0,0,0,0,0,2,463.56,135,Lapsed Buyer
HC-0578,Naomi Mbeki,2025-09-27,Organic Search,0,0,0,0,0,3,2,660.15,201,Lapsed Buyer
HC-0579,Hayden Lindqvist,2026-07-24,Email Referral,0,2,5,0,0,0,0,0.0,3,New Signup
HC-0580,Diego Chen,2026-07-08,Paid Social,12,5,9,3,3,2,0,0.0,3,Engaged Prospect
HC-0581,Kenji Reyes,2026-07-16,Direct,0,1,0,0,0,0,0,0.0,2,New Signup
HC-0582,Sam Novak,2026-07-19,Paid Social,0,0,3,0,0,1,0,0.0,6,New Signup
HC-0583,Sam Haddad,2024-07-01,Organic Search,3,0,0,0,0,2,8,4070.4,89,At-Risk VIP
HC-0584,Hayden Mbeki,2026-04-13,Organic Search,7,0,0,1,0,2,0,0.0,21,Window Shopper
HC-0585,Amara Silva,2023-03-15,Organic Search,24,4,11,1,1,3,19,8051.31,3,Whale Collector
HC-0586,Alex Meyer,2026-07-31,Email Referral,1,2,2,1,0,1,0,0.0,5,New Signup
HC-0587,Victor Osei,2026-07-11,Organic Search,0,0,1,0,0,1,0,0.0,11,New Signup
HC-0588,Riley Fuentes,2026-07-08,Organic Search,0,0,0,1,0,1,0,0.0,8,New Signup
HC-0589,Devon Osei,2023-09-29,Paid Social,1,0,1,0,0,1,1,394.45,359,Lapsed Buyer
HC-0590,Skyler Okafor,2024-02-29,Paid Social,0,0,1,0,0,0,1,337.02,126,Lapsed Buyer
HC-0591,Andre Fuentes,2024-06-13,Organic Search,0,0,0,0,0,1,2,587.53,276,Lapsed Buyer
HC-0592,Ingrid Petrov,2025-06-16,Influencer,2,2,1,0,0,1,0,0.0,27,Window Shopper
HC-0593,Priya Reyes,2026-07-21,Paid Social,4,2,1,0,0,0,0,0.0,1,New Signup
HC-0594,Rowan Kim,2023-09-13,Paid Social,1,0,0,0,0,0,3,705.45,186,Lapsed Buyer
HC-0595,Andre Rossi,2025-07-15,Organic Search,7,0,6,0,0,0,0,0.0,14,Window Shopper
HC-0596,Lucia Tanaka,2024-09-24,Email Referral,1,0,3,0,0,2,0,0.0,26,Window Shopper
HC-0597,Sofia Lindqvist,2023-08-16,Convention Booth,12,5,10,2,0,5,16,8529.62,13,Whale Collector
HC-0598,Avery Lindqvist,2024-04-16,Email Referral,2,0,1,0,0,1,2,1002.69,312,Lapsed Buyer
HC-0599,Zara Meyer,2023-12-20,Convention Booth,1,0,0,0,0,3,2,792.02,114,Lapsed Buyer
HC-0600,Casey Chen,2026-06-20,Convention Booth,3,2,2,0,0,1,0,0.0,25,Window Shopper
HC-0601,Devon Osei,2026-07-11,Paid Social,0,0,4,0,0,1,0,0.0,11,New Signup
HC-0602,Jordan Rossi,2025-04-25,Direct,1,0,1,0,0,1,1,295.84,200,Lapsed Buyer
HC-0603,Morgan Tanaka,2025-01-27,Convention Booth,3,3,0,1,0,0,0,0.0,18,Window Shopper
HC-0604,Devon Novak,2024-08-13,Convention Booth,2,1,0,0,0,6,9,4349.5,94,At-Risk VIP
HC-0605,Skyler Kowalski,2026-04-09,Convention Booth,6,6,11,2,0,6,0,0.0,8,Engaged Prospect
HC-0606,Diego Larsen,2026-07-10,Organic Search,4,5,8,5,4,3,0,0.0,3,Engaged Prospect
HC-0607,Sofia Petrov,2026-05-16,Organic Search,3,3,2,0,0,0,0,0.0,29,Window Shopper
HC-0608,Kenji Tanaka,2025-03-26,Direct,9,0,0,0,0,0,0,0.0,11,Window Shopper
HC-0609,Reese Okafor,2026-07-14,Organic Search,4,0,1,2,0,0,0,0.0,9,New Signup
HC-0610,Sofia Osei,2026-03-12,Organic Search,8,5,7,1,2,2,0,0.0,6,Engaged Prospect
HC-0611,Devon Mbeki,2026-07-03,Convention Booth,2,2,2,0,0,0,0,0.0,13,New Signup
HC-0612,Quinn Nguyen,2024-03-28,Paid Social,1,0,0,0,0,0,1,283.82,110,Lapsed Buyer
HC-0613,Zara Fuentes,2026-07-21,Email Referral,2,0,3,1,0,0,0,0.0,2,New Signup
HC-0614,Casey Lindqvist,2025-08-01,Direct,1,2,3,0,0,1,0,0.0,31,Window Shopper
HC-0615,Victor Silva,2024-01-12,Influencer,11,8,6,3,0,11,11,4734.83,9,Whale Collector
HC-0616,Kenji Fuentes,2026-07-16,Direct,5,1,6,1,0,1,1,340.97,0,New Signup
HC-0617,Kenji Petrov,2026-04-02,Organic Search,11,4,6,1,2,6,0,0.0,5,Engaged Prospect
HC-0618,Omar Anders,2026-03-17,Direct,7,4,5,5,2,2,0,0.0,0,Engaged Prospect
HC-0619,Elena Mbeki,2026-07-24,Email Referral,4,0,3,1,0,0,0,0.0,4,New Signup
HC-0620,Kenji Fuentes,2024-01-28,Paid Social,1,0,0,0,0,0,1,371.67,338,Lapsed Buyer
HC-0621,Diego Petrov,2026-06-21,Direct,7,7,11,3,2,5,0,0.0,8,Engaged Prospect
HC-0622,Avery Tanaka,2026-04-06,Organic Search,9,4,12,4,0,3,0,0.0,5,Engaged Prospect
HC-0623,Diego Meyer,2026-07-24,Organic Search,3,2,3,0,0,0,0,0.0,0,New Signup
HC-0624,Quinn Anders,2026-07-03,Direct,10,5,9,3,0,2,0,0.0,0,Engaged Prospect
HC-0625,Naomi Kowalski,2025-01-23,Email Referral,0,0,1,0,0,0,1,305.31,214,Lapsed Buyer
HC-0626,Amara Petrov,2022-12-01,Paid Social,0,0,0,0,0,5,11,5886.33,45,At-Risk VIP
HC-0627,Felix Lindqvist,2026-07-26,Influencer,1,0,2,2,0,1,0,0.0,6,New Signup
HC-0628,Ingrid Mbeki,2023-04-07,Organic Search,1,1,0,0,0,6,11,5054.53,109,At-Risk VIP
HC-0629,Priya Chen,2025-08-09,Convention Booth,6,0,2,0,0,0,0,0.0,12,Window Shopper
HC-0630,Lucia Meyer,2023-05-13,Organic Search,11,4,13,2,1,10,10,5049.99,8,Whale Collector
HC-0631,Felix Nguyen,2025-09-16,Convention Booth,8,1,1,0,0,1,0,0.0,25,Window Shopper
HC-0632,Omar Okafor,2026-07-20,Direct,2,0,0,0,0,2,0,0.0,0,New Signup
HC-0633,Jordan Anders,2023-10-26,Direct,1,0,0,0,0,3,10,4400.09,103,At-Risk VIP
HC-0634,Kenji Osei,2026-02-09,Paid Social,16,10,5,3,0,3,0,0.0,2,Engaged Prospect
HC-0635,Omar Anders,2025-02-17,Convention Booth,1,0,0,0,0,1,1,423.81,209,Lapsed Buyer
HC-0636,Sam Osei,2023-05-11,Organic Search,1,0,1,0,0,1,2,787.4,131,Lapsed Buyer
HC-0637,Andre Reyes,2026-02-16,Paid Social,0,1,4,0,0,2,0,0.0,7,Window Shopper
HC-0638,Kenji Reyes,2024-03-10,Organic Search,1,0,0,0,0,0,1,281.92,281,Lapsed Buyer
HC-0639,Alex Osei,2025-09-22,Email Referral,0,1,3,0,0,0,0,0.0,12,Window Shopper
HC-0640,Felix Osei,2026-07-22,Organic Search,4,0,4,2,1,2,0,0.0,11,New Signup
HC-0641,Felix Anders,2025-10-22,Email Referral,3,1,1,0,0,1,0,0.0,21,Window Shopper
HC-0642,Sam Nguyen,2023-11-28,Direct,2,0,0,0,0,2,2,514.92,167,Lapsed Buyer
HC-0643,Rowan Nguyen,2024-05-03,Convention Booth,0,0,1,0,0,0,1,266.46,195,Lapsed Buyer
HC-0644,Omar Meyer,2023-07-03,Paid Social,0,0,0,0,0,1,2,555.98,161,Lapsed Buyer
HC-0645,Naomi Ito,2026-03-12,Influencer,4,2,3,0,0,3,0,0.0,17,Window Shopper
HC-0646,Hayden Kowalski,2023-10-15,Email Referral,0,0,2,0,0,1,2,674.92,287,Lapsed Buyer
HC-0647,Zara Meyer,2024-10-21,Direct,1,0,0,0,0,2,2,784.83,337,Lapsed Buyer
HC-0648,Casey Haddad,2026-04-18,Paid Social,7,0,2,0,0,0,0,0.0,42,Window Shopper
HC-0649,Morgan Haddad,2023-06-04,Paid Social,9,6,5,4,0,4,11,4319.28,16,Whale Collector
HC-0650,Amara Haddad,2026-07-14,Influencer,8,0,2,0,0,0,0,0.0,4,New Signup
HC-0651,Hayden Kim,2025-09-01,Organic Search,0,0,0,0,0,0,3,1063.33,143,Lapsed Buyer
HC-0652,Rowan Meyer,2026-05-18,Email Referral,11,4,9,3,2,2,0,0.0,2,Engaged Prospect
HC-0653,Marcus Larsen,2025-05-21,Paid Social,2,0,0,0,0,2,3,908.29,328,Lapsed Buyer
HC-0654,Reese Tanaka,2026-03-27,Email Referral,16,4,5,3,4,4,0,0.0,9,Engaged Prospect
HC-0655,Omar Nguyen,2025-05-11,Paid Social,1,1,2,1,0,0,0,0.0,43,Window Shopper
HC-0656,Hayden Meyer,2026-07-29,Organic Search,0,1,4,0,0,1,0,0.0,4,New Signup
HC-0657,Hayden Lindqvist,2025-07-07,Paid Social,5,0,2,0,0,1,0,0.0,5,Window Shopper
HC-0658,Morgan Silva,2026-06-26,Email Referral,15,7,4,5,1,3,0,0.0,6,Engaged Prospect
HC-0659,Felix Torres,2026-03-24,Paid Social,7,0,1,0,0,1,0,0.0,7,Window Shopper
HC-0660,Alex Kim,2024-12-06,Direct,1,0,1,0,0,6,12,4719.74,66,At-Risk VIP
HC-0661,Marcus Larsen,2026-02-24,Direct,6,7,9,4,1,3,0,0.0,1,Engaged Prospect
HC-0662,Victor Torres,2026-03-14,Organic Search,9,6,5,5,2,2,0,0.0,7,Engaged Prospect
HC-0663,Jordan Anders,2026-02-04,Email Referral,11,2,4,4,1,4,0,0.0,0,Engaged Prospect
HC-0664,Jordan Anders,2024-07-26,Paid Social,10,7,17,1,1,6,19,11666.42,12,Whale Collector
HC-0665,Devon Petrov,2024-12-05,Direct,3,2,4,0,0,0,0,0.0,32,Window Shopper
HC-0666,Zara Novak,2026-06-09,Organic Search,6,3,9,2,3,4,0,0.0,6,Engaged Prospect
HC-0667,Priya Nguyen,2024-04-01,Paid Social,0,0,0,0,0,1,3,909.34,186,Lapsed Buyer
HC-0668,Naomi Kowalski,2026-07-22,Influencer,4,0,5,0,0,0,0,0.0,11,New Signup
HC-0669,Omar Reyes,2026-07-07,Organic Search,9,6,12,4,2,3,0,0.0,9,Engaged Prospect
HC-0670,Sam Okafor,2025-01-16,Convention Booth,5,0,2,0,0,0,0,0.0,21,Window Shopper
HC-0671,Avery Haddad,2024-10-15,Direct,5,0,5,0,0,1,0,0.0,29,Window Shopper
HC-0672,Morgan Barros,2025-01-30,Influencer,1,0,2,0,0,4,8,3626.11,46,At-Risk VIP
HC-0673,Skyler Torres,2022-10-22,Paid Social,2,0,0,0,0,5,8,4833.49,114,At-Risk VIP
HC-0674,Skyler Reyes,2026-07-18,Email Referral,0,1,5,0,0,0,0,0.0,13,New Signup
HC-0675,Quinn Silva,2024-09-27,Email Referral,4,4,1,0,0,1,0,0.0,42,Window Shopper
HC-0676,Sofia Petrov,2026-07-25,Paid Social,3,1,5,0,1,0,0,0.0,9,New Signup
HC-0677,Rowan Silva,2024-12-30,Email Referral,17,7,22,3,2,3,7,2990.31,15,Whale Collector
HC-0678,Morgan Nguyen,2023-11-30,Organic Search,0,0,0,0,0,2,3,893.41,172,Lapsed Buyer
HC-0679,Ingrid Lindqvist,2026-07-10,Convention Booth,2,1,4,0,0,2,0,0.0,3,New Signup
HC-0680,Quinn Torres,2026-07-23,Email Referral,4,0,2,2,0,2,0,0.0,6,New Signup
HC-0681,Felix Rossi,2024-04-10,Direct,10,2,5,4,0,7,9,4214.23,14,Whale Collector
HC-0682,Reese Anders,2025-09-25,Influencer,1,0,3,0,0,0,0,0.0,19,Window Shopper
HC-0683,Hayden Silva,2026-06-04,Organic Search,3,2,7,0,0,2,0,0.0,26,Window Shopper
HC-0684,Morgan Anders,2023-10-12,Email Referral,1,0,1,0,0,3,2,458.49,245,Lapsed Buyer
HC-0685,Skyler Barros,2024-12-02,Organic Search,2,0,1,0,0,7,10,4749.39,86,At-Risk VIP
HC-0686,Taylor Meyer,2026-06-14,Influencer,6,3,5,1,2,1,0,0.0,2,Engaged Prospect
HC-0687,Emerson Torres,2026-07-18,Direct,4,1,3,1,0,1,0,0.0,0,New Signup
HC-0688,Casey Kim,2025-01-27,Paid Social,2,3,0,0,0,1,0,0.0,16,Window Shopper
HC-0689,Rowan Anders,2025-12-21,Organic Search,5,0,4,0,0,0,0,0.0,12,Window Shopper
HC-0690,Jordan Rossi,2026-07-08,Influencer,0,0,2,1,0,2,0,0.0,4,New Signup
HC-0691,Victor Nguyen,2025-12-13,Organic Search,6,0,4,0,0,1,0,0.0,18,Window Shopper
HC-0692,Elena Lindqvist,2024-09-16,Direct,14,7,11,5,1,2,16,8775.82,14,Whale Collector
HC-0693,Victor Rossi,2026-03-27,Paid Social,10,0,2,0,0,2,0,0.0,25,Window Shopper
HC-0694,Sofia Reyes,2026-04-02,Email Referral,6,6,4,5,2,4,0,0.0,8,Engaged Prospect
HC-0695,Alex Reyes,2024-05-18,Organic Search,1,0,1,0,0,5,6,2193.72,90,At-Risk VIP
HC-0696,Avery Haddad,2024-09-24,Convention Booth,5,2,2,0,0,0,0,0.0,39,Window Shopper
HC-0697,Quinn Kim,2026-07-27,Organic Search,5,0,3,0,0,0,0,0.0,9,New Signup
HC-0698,Skyler Fuentes,2026-01-25,Organic Search,5,0,5,0,0,3,0,0.0,6,Window Shopper
HC-0699,Marcus Nguyen,2024-09-08,Convention Booth,0,0,0,0,0,1,1,242.35,289,Lapsed Buyer
HC-0700,Alex Lindqvist,2026-04-19,Paid Social,2,2,0,0,0,0,0,0.0,11,Window Shopper
HC-0701,Jordan Chen,2025-05-29,Direct,3,0,2,1,0,0,0,0.0,11,Window Shopper
HC-0702,Casey Barros,2023-06-05,Paid Social,2,0,0,0,0,0,3,996.23,291,Lapsed Buyer
HC-0703,Rowan Rossi,2026-02-15,Direct,6,2,4,0,0,0,0,0.0,6,Window Shopper
HC-0704,Victor Silva,2026-07-26,Organic Search,0,1,0,0,0,1,0,0.0,9,New Signup
HC-0705,Felix Nguyen,2025-03-16,Organic Search,5,1,1,0,0,2,0,0.0,20,Window Shopper
HC-0706,Priya Torres,2026-03-13,Direct,7,6,8,2,2,0,0,0.0,5,Engaged Prospect
HC-0707,Hayden Larsen,2024-12-10,Paid Social,9,2,1,0,0,0,0,0.0,14,Window Shopper
HC-0708,Naomi Larsen,2025-05-29,Paid Social,7,0,2,0,0,1,0,0.0,3,Window Shopper
HC-0709,Felix Meyer,2026-06-21,Paid Social,11,7,3,3,2,4,0,0.0,3,Engaged Prospect
HC-0710,Kenji Lindqvist,2023-05-10,Organic Search,0,0,0,0,0,0,3,1088.97,329,Lapsed Buyer
HC-0711,Naomi Petrov,2026-07-17,Paid Social,0,1,5,0,0,1,0,0.0,9,New Signup
HC-0712,Priya Nguyen,2026-07-05,Organic Search,9,5,9,2,2,5,0,0.0,9,Engaged Prospect
HC-0713,Sofia Kim,2025-09-01,Paid Social,2,1,0,0,0,1,0,0.0,33,Window Shopper
HC-0714,Riley Tanaka,2023-07-17,Direct,1,0,0,0,0,1,2,918.4,208,Lapsed Buyer
HC-0715,Casey Fuentes,2025-07-11,Convention Booth,1,1,5,0,0,0,0,0.0,3,Window Shopper
HC-0716,Elena Fuentes,2026-01-14,Convention Booth,5,3,10,3,2,7,0,0.0,1,Engaged Prospect
HC-0717,Casey Kowalski,2025-11-26,Influencer,3,1,0,0,0,2,0,0.0,36,Window Shopper
HC-0718,Avery Ito,2026-03-20,Organic Search,7,1,4,0,0,0,0,0.0,19,Window Shopper
HC-0719,Hayden Chen,2024-05-06,Paid Social,2,0,0,0,0,2,1,527.87,358,Lapsed Buyer
HC-0720,Diego Reyes,2025-11-14,Organic Search,3,1,0,0,0,1,0,0.0,13,Window Shopper
HC-0721,Kenji Silva,2024-05-06,Organic Search,1,0,0,0,0,10,10,4836.17,118,At-Risk VIP
HC-0722,Jordan Okafor,2026-07-25,Paid Social,0,2,2,0,0,1,0,0.0,1,New Signup
HC-0723,Morgan Meyer,2026-07-10,Organic Search,1,1,0,0,1,0,0,0.0,4,New Signup
HC-0724,Priya Haddad,2025-01-20,Direct,1,0,0,0,0,8,7,2989.29,76,At-Risk VIP
HC-0725,Casey Ito,2026-03-24,Email Referral,8,2,11,4,2,4,0,0.0,5,Engaged Prospect
HC-0726,Lucia Tanaka,2026-05-04,Convention Booth,9,5,5,2,2,3,0,0.0,1,Engaged Prospect
HC-0727,Marcus Reyes,2026-07-17,Organic Search,4,0,0,0,0,0,0,0.0,6,New Signup
HC-0728,Ingrid Silva,2026-07-09,Email Referral,2,0,3,2,1,1,0,0.0,8,New Signup
HC-0729,Diego Kim,2024-03-06,Organic Search,16,5,9,2,1,4,17,9102.48,1,Whale Collector
HC-0730,Naomi Chen,2026-03-01,Convention Booth,9,0,4,0,0,2,0,0.0,18,Window Shopper
HC-0731,Alex Novak,2026-05-22,Email Referral,8,5,9,3,2,1,0,0.0,2,Engaged Prospect
HC-0732,Priya Meyer,2025-03-05,Organic Search,7,2,1,1,0,0,0,0.0,36,Window Shopper
HC-0733,Elena Rossi,2026-07-29,Email Referral,1,1,2,1,0,0,0,0.0,4,New Signup
HC-0734,Casey Chen,2024-07-05,Organic Search,2,0,0,0,0,5,10,5338.44,79,At-Risk VIP
HC-0735,Priya Okafor,2026-05-22,Convention Booth,12,6,8,2,0,2,0,0.0,1,Engaged Prospect
HC-0736,Marcus Larsen,2025-03-17,Email Referral,9,1,2,0,0,3,0,0.0,13,Window Shopper
HC-0737,Naomi Mbeki,2026-01-03,Email Referral,6,4,5,0,0,0,0,0.0,33,Window Shopper
HC-0738,Avery Haddad,2025-09-02,Convention Booth,0,0,0,0,0,3,1,371.27,259,Lapsed Buyer
HC-0739,Rowan Barros,2024-10-12,Organic Search,9,2,2,0,0,1,0,0.0,38,Window Shopper
HC-0740,Marcus Nguyen,2026-04-29,Organic Search,7,4,4,3,2,1,0,0.0,3,Engaged Prospect
HC-0741,Emerson Reyes,2025-09-07,Email Referral,6,0,1,0,0,0,0,0.0,23,Window Shopper
HC-0742,Jordan Ito,2026-07-16,Convention Booth,3,0,3,1,0,0,0,0.0,0,New Signup
HC-0743,Alex Anders,2024-12-08,Paid Social,0,0,0,0,0,2,1,354.29,295,Lapsed Buyer
HC-0744,Riley Fuentes,2022-07-22,Organic Search,2,1,0,0,0,4,13,6401.6,106,At-Risk VIP
HC-0745,Morgan Osei,2026-07-20,Paid Social,3,0,5,0,0,1,0,0.0,13,New Signup
HC-0746,Morgan Reyes,2024-11-01,Influencer,5,2,0,0,0,0,0,0.0,14,Window Shopper
HC-0747,Morgan Nguyen,2026-07-30,Influencer,4,0,3,1,0,1,1,292.15,4,New Signup
HC-0748,Sofia Kowalski,2023-03-08,Organic Search,20,6,10,3,1,11,6,3527.53,7,Whale Collector
HC-0749,Victor Mbeki,2026-07-20,Paid Social,1,0,1,1,1,0,0,0.0,11,New Signup
HC-0750,Casey Haddad,2026-06-22,Convention Booth,10,2,11,2,2,4,0,0.0,5,Engaged Prospect
HC-0751,Zara Rossi,2026-03-03,Paid Social,9,1,1,0,0,2,0,0.0,5,Window Shopper
HC-0752,Emerson Anders,2023-05-08,Paid Social,0,0,0,0,0,1,2,741.85,241,Lapsed Buyer
HC-0753,Casey Barros,2025-05-05,Organic Search,11,2,0,0,0,0,0,0.0,6,Window Shopper
HC-0754,Elena Reyes,2026-04-09,Influencer,8,3,11,3,3,2,0,0.0,1,Engaged Prospect
HC-0755,Sam Reyes,2026-02-04,Organic Search,13,5,6,3,2,1,0,0.0,1,Engaged Prospect
HC-0756,Casey Mbeki,2026-02-01,Paid Social,13,8,10,3,3,6,0,0.0,6,Engaged Prospect
HC-0757,Alex Reyes,2024-01-11,Email Referral,17,6,12,6,0,6,12,5824.93,12,Whale Collector
HC-0758,Casey Fuentes,2026-04-09,Influencer,12,4,12,2,1,1,0,0.0,1,Engaged Prospect
HC-0759,Skyler Tanaka,2026-06-10,Influencer,12,5,14,5,2,2,0,0.0,9,Engaged Prospect
HC-0760,Victor Reyes,2024-11-21,Email Referral,4,1,0,1,0,0,0,0.0,25,Window Shopper
HC-0761,Ingrid Petrov,2024-10-21,Organic Search,8,2,2,0,0,0,0,0.0,20,Window Shopper
HC-0762,Zara Rossi,2025-11-28,Paid Social,3,0,4,1,0,0,0,0.0,44,Window Shopper
HC-0763,Alex Kim,2026-01-14,Influencer,10,9,8,2,1,5,0,0.0,5,Engaged Prospect
HC-0764,Avery Nguyen,2022-12-28,Paid Social,10,7,19,3,1,11,12,5723.39,16,Whale Collector
HC-0765,Skyler Kim,2025-04-04,Paid Social,5,1,2,0,0,0,0,0.0,21,Window Shopper
HC-0766,Alex Kowalski,2023-11-28,Convention Booth,1,0,0,0,0,0,3,978.5,102,Lapsed Buyer
HC-0767,Sofia Tanaka,2026-05-31,Email Referral,7,5,8,5,0,5,0,0.0,8,Engaged Prospect
HC-0768,Alex Fuentes,2025-03-21,Influencer,8,0,6,0,0,0,0,0.0,39,Window Shopper
HC-0769,Taylor Haddad,2025-04-25,Email Referral,2,0,0,0,0,3,1,353.67,307,Lapsed Buyer
HC-0770,Jordan Torres,2026-02-21,Direct,4,0,3,0,0,0,0,0.0,7,Window Shopper
HC-0771,Elena Rossi,2026-07-07,Organic Search,3,0,3,0,0,2,0,0.0,11,New Signup
HC-0772,Amara Haddad,2026-07-14,Organic Search,4,0,0,0,0,2,0,0.0,0,New Signup
HC-0773,Quinn Rossi,2026-04-13,Convention Booth,13,2,0,0,0,0,0,0.0,24,Window Shopper
HC-0774,Hayden Mbeki,2025-07-30,Email Referral,0,0,0,0,0,3,3,1400.3,186,Lapsed Buyer
HC-0775,Alex Novak,2026-03-01,Paid Social,10,8,9,5,1,4,0,0.0,7,Engaged Prospect
HC-0776,Omar Tanaka,2026-04-21,Organic Search,12,3,4,4,3,5,0,0.0,8,Engaged Prospect
HC-0777,Skyler Tanaka,2026-03-10,Paid Social,4,0,5,0,0,1,0,0.0,34,Window Shopper
HC-0778,Sofia Rossi,2024-11-28,Email Referral,1,0,0,0,0,2,2,831.41,240,Lapsed Buyer
HC-0779,Omar Fuentes,2026-07-10,Convention Booth,4,1,1,2,0,1,0,0.0,2,New Signup
HC-0780,Ingrid Anders,2026-05-16,Organic Search,12,7,13,1,1,3,0,0.0,4,Engaged Prospect
HC-0781,Sam Meyer,2023-08-10,Organic Search,0,0,0,0,0,0,1,445.8,212,Lapsed Buyer
HC-0782,Naomi Osei,2025-11-18,Paid Social,8,0,0,0,0,1,0,0.0,33,Window Shopper
HC-0783,Naomi Osei,2026-03-10,Email Referral,15,4,6,2,3,3,0,0.0,3,Engaged Prospect
HC-0784,Marcus Silva,2026-07-22,Organic Search,4,1,5,0,1,0,0,0.0,6,New Signup
HC-0785,Reese Torres,2023-07-21,Paid Social,0,0,0,0,0,1,1,283.42,101,Lapsed Buyer
HC-0786,Naomi Novak,2024-04-29,Paid Social,1,0,0,0,0,7,6,1886.27,109,At-Risk VIP
HC-0787,Hayden Torres,2026-07-05,Organic Search,4,0,5,1,0,1,0,0.0,9,New Signup
HC-0788,Casey Kowalski,2023-01-17,Paid Social,0,1,1,0,0,7,10,5820.8,98,At-Risk VIP
HC-0789,Reese Tanaka,2023-07-18,Organic Search,3,0,0,0,0,7,6,3309.43,95,At-Risk VIP
HC-0790,Emerson Osei,2026-02-06,Organic Search,4,2,3,0,0,0,0,0.0,26,Window Shopper
HC-0791,Zara Rossi,2026-07-24,Organic Search,3,1,5,1,0,1,1,341.75,6,New Signup
HC-0792,Priya Silva,2023-05-10,Email Referral,13,7,13,1,1,11,14,8844.47,20,Whale Collector
HC-0793,Taylor Anders,2026-07-06,Organic Search,2,1,1,1,0,0,1,454.24,10,New Signup
HC-0794,Quinn Larsen,2025-02-19,Direct,0,0,0,0,0,4,1,282.09,248,Lapsed Buyer
HC-0795,Diego Osei,2023-03-17,Paid Social,23,1,6,6,1,5,7,3717.89,10,Whale Collector
HC-0796,Jordan Osei,2025-05-10,Direct,10,1,3,1,0,3,0,0.0,24,Window Shopper
HC-0797,Naomi Torres,2025-07-25,Direct,4,1,1,0,0,0,0,0.0,32,Window Shopper
HC-0798,Victor Reyes,2025-08-25,Paid Social,4,1,4,0,0,0,0,0.0,27,Window Shopper
HC-0799,Sam Okafor,2024-02-09,Paid Social,1,0,0,0,0,4,3,986.64,103,Lapsed Buyer
HC-0800,Lucia Petrov,2024-10-01,Email Referral,0,0,1,0,0,1,1,475.41,271,Lapsed Buyer
HC-0801,Omar Kowalski,2026-07-03,Influencer,4,1,1,0,0,1,0,0.0,9,New Signup
HC-0802,Kenji Silva,2026-02-03,Organic Search,9,3,8,4,2,2,0,0.0,0,Engaged Prospect
HC-0803,Skyler Rossi,2026-07-28,Organic Search,1,1,1,1,0,0,1,299.79,12,New Signup
HC-0804,Devon Rossi,2025-06-29,Email Referral,6,1,1,1,0,2,0,0.0,24,Window Shopper
HC-0805,Sofia Lindqvist,2026-07-13,Influencer,8,1,5,0,0,3,0,0.0,12,New Signup
HC-0806,Reese Chen,2026-07-22,Paid Social,3,1,1,3,0,1,0,0.0,8,New Signup
HC-0807,Omar Tanaka,2026-07-09,Paid Social,2,1,2,0,0,0,0,0.0,12,New Signup
HC-0808,Skyler Tanaka,2026-04-08,Paid Social,10,2,10,1,2,4,0,0.0,3,Engaged Prospect
HC-0809,Andre Barros,2026-02-06,Email Referral,3,0,7,0,0,0,0,0.0,25,Window Shopper
HC-0810,Amara Rossi,2026-07-03,Organic Search,9,0,2,0,0,0,0,0.0,11,New Signup
HC-0811,Skyler Kim,2026-07-10,Convention Booth,1,0,4,0,0,2,0,0.0,4,New Signup
HC-0812,Diego Rossi,2025-08-05,Organic Search,8,1,2,1,0,0,0,0.0,30,Window Shopper
HC-0813,Jordan Haddad,2026-07-15,Email Referral,4,3,1,1,1,0,1,386.97,2,New Signup
HC-0814,Felix Novak,2024-12-18,Convention Booth,5,0,2,0,0,1,0,0.0,18,Window Shopper
HC-0815,Andre Okafor,2025-06-29,Direct,0,0,2,0,0,2,0,0.0,38,Window Shopper
HC-0816,Kenji Barros,2023-09-07,Email Referral,0,0,1,0,0,2,3,1340.07,300,Lapsed Buyer
HC-0817,Alex Petrov,2025-01-23,Paid Social,4,0,3,0,0,1,0,0.0,28,Window Shopper
HC-0818,Ingrid Fuentes,2024-11-18,Influencer,9,1,4,1,0,1,0,0.0,41,Window Shopper
HC-0819,Rowan Ito,2024-10-09,Direct,6,1,5,0,0,0,0,0.0,33,Window Shopper
HC-0820,Ingrid Fuentes,2026-02-14,Paid Social,4,2,4,1,0,1,0,0.0,39,Window Shopper
HC-0821,Diego Osei,2026-06-18,Organic Search,14,1,10,1,2,4,0,0.0,8,Engaged Prospect
HC-0822,Avery Mbeki,2023-02-13,Organic Search,15,8,11,4,0,10,17,7935.14,4,Whale Collector
HC-0823,Riley Lindqvist,2023-05-18,Convention Booth,2,0,0,0,0,3,3,912.81,164,Lapsed Buyer
HC-0824,Naomi Lindqvist,2025-04-11,Organic Search,10,4,0,0,0,1,0,0.0,18,Window Shopper
HC-0825,Kenji Osei,2024-07-20,Paid Social,0,0,0,0,0,1,1,309.12,100,Lapsed Buyer
HC-0826,Devon Okafor,2026-07-24,Paid Social,0,0,4,1,0,0,0,0.0,5,New Signup
HC-0827,Rowan Barros,2026-02-12,Convention Booth,6,1,9,4,0,3,0,0.0,3,Engaged Prospect
HC-0828,Hayden Haddad,2026-06-29,Paid Social,10,4,7,1,3,2,0,0.0,9,Engaged Prospect
HC-0829,Quinn Haddad,2026-02-11,Organic Search,5,5,8,4,0,2,0,0.0,0,Engaged Prospect
HC-0830,Lucia Okafor,2026-05-18,Influencer,6,0,3,0,0,1,0,0.0,28,Window Shopper
HC-0831,Casey Fuentes,2025-01-30,Paid Social,0,0,0,0,0,1,2,692.77,298,Lapsed Buyer
HC-0832,Priya Lindqvist,2025-09-10,Influencer,9,0,3,0,0,0,0,0.0,42,Window Shopper
HC-0833,Reese Silva,2025-07-07,Influencer,8,1,4,0,0,3,0,0.0,5,Window Shopper
HC-0834,Sam Ito,2023-07-21,Influencer,1,0,0,0,0,2,3,1114.69,294,Lapsed Buyer
HC-0835,Morgan Novak,2026-02-01,Direct,8,4,3,4,1,3,0,0.0,2,Engaged Prospect
HC-0836,Avery Torres,2024-06-10,Organic Search,3,1,0,0,0,5,10,6333.54,94,At-Risk VIP
HC-0837,Elena Kim,2025-04-07,Organic Search,2,0,1,0,0,0,3,860.16,333,Lapsed Buyer
HC-0838,Priya Kowalski,2023-04-30,Influencer,0,0,0,0,0,1,2,949.49,130,Lapsed Buyer
HC-0839,Sam Tanaka,2025-11-15,Email Referral,1,0,5,0,0,0,0,0.0,37,Window Shopper
HC-0840,Alex Tanaka,2024-10-12,Organic Search,1,0,0,0,0,1,3,743.79,326,Lapsed Buyer
HC-0841,Reese Torres,2024-12-28,Email Referral,15,4,5,6,1,8,11,3608.11,13,Whale Collector
HC-0842,Taylor Okafor,2025-12-02,Influencer,3,2,0,0,0,0,0,0.0,26,Window Shopper
HC-0843,Kenji Kowalski,2026-02-27,Influencer,7,1,7,1,0,1,0,0.0,15,Window Shopper
HC-0844,Zara Ito,2026-02-06,Organic Search,9,4,5,2,0,6,0,0.0,0,Engaged Prospect
HC-0845,Riley Kim,2026-06-10,Paid Social,6,0,2,0,0,1,0,0.0,25,Window Shopper
HC-0846,Amara Silva,2025-04-11,Direct,2,0,0,0,0,0,1,384.43,107,Lapsed Buyer
HC-0847,Zara Chen,2025-10-11,Organic Search,8,2,3,0,0,0,0,0.0,38,Window Shopper
HC-0848,Quinn Meyer,2026-06-15,Influencer,10,4,3,4,2,1,0,0.0,0,Engaged Prospect
HC-0849,Emerson Okafor,2025-01-05,Email Referral,2,0,0,0,0,1,2,834.29,185,Lapsed Buyer
HC-0850,Marcus Osei,2024-01-01,Organic Search,0,0,0,0,0,5,6,2669.22,96,At-Risk VIP
HC-0851,Casey Kim,2026-07-23,Organic Search,5,0,3,0,0,0,0,0.0,7,New Signup
HC-0852,Avery Larsen,2026-04-14,Email Referral,10,7,6,4,1,4,0,0.0,7,Engaged Prospect
HC-0853,Zara Novak,2026-04-27,Organic Search,3,5,8,1,2,3,0,0.0,1,Engaged Prospect
HC-0854,Victor Rossi,2026-01-18,Organic Search,6,4,7,6,3,3,0,0.0,8,Engaged Prospect
HC-0855,Omar Osei,2026-07-15,Organic Search,6,1,0,0,0,1,0,0.0,3,New Signup
HC-0856,Victor Torres,2026-05-18,Email Referral,10,6,8,2,2,3,0,0.0,3,Engaged Prospect
HC-0857,Emerson Kowalski,2024-01-09,Paid Social,0,0,0,0,0,3,2,846.89,345,Lapsed Buyer
HC-0858,Amara Rossi,2026-07-15,Organic Search,0,0,0,0,0,1,0,0.0,7,New Signup
HC-0859,Naomi Kowalski,2026-07-16,Direct,1,0,9,2,0,1,0,0.0,6,New Signup
HC-0860,Elena Okafor,2022-12-24,Paid Social,13,10,3,4,0,4,10,4842.11,18,Whale Collector
HC-0861,Sam Nguyen,2026-03-12,Organic Search,3,1,0,0,0,0,0,0.0,8,Window Shopper
HC-0862,Andre Anders,2023-06-06,Organic Search,2,0,0,0,0,0,3,988.17,249,Lapsed Buyer
HC-0863,Victor Reyes,2023-12-24,Influencer,0,0,0,0,0,0,1,330.24,163,Lapsed Buyer
HC-0864,Riley Okafor,2025-06-03,Convention Booth,10,0,1,1,0,0,0,0.0,28,Window Shopper
HC-0865,Emerson Rossi,2024-12-21,Paid Social,4,0,0,0,0,3,0,0.0,34,Window Shopper
HC-0866,Alex Petrov,2023-03-23,Organic Search,15,4,10,6,3,5,16,9009.58,14,Whale Collector
HC-0867,Lucia Novak,2022-11-14,Convention Booth,18,6,6,0,1,3,20,10595.25,16,Whale Collector
HC-0868,Ingrid Kim,2026-02-22,Paid Social,8,0,2,0,0,1,0,0.0,23,Window Shopper
HC-0869,Kenji Torres,2023-06-17,Direct,2,0,2,0,0,7,10,6336.61,107,At-Risk VIP
HC-0870,Elena Silva,2026-02-14,Email Referral,8,4,9,3,2,4,0,0.0,3,Engaged Prospect
HC-0871,Amara Kim,2025-08-22,Paid Social,7,0,3,0,0,1,0,0.0,25,Window Shopper
HC-0872,Victor Kim,2023-12-14,Organic Search,0,0,0,0,0,3,7,4247.7,50,At-Risk VIP
HC-0873,Emerson Kim,2022-12-03,Paid Social,17,4,15,5,0,6,17,9811.73,6,Whale Collector
HC-0874,Omar Lindqvist,2026-07-19,Paid Social,0,0,0,1,0,2,1,395.58,4,New Signup
HC-0875,Devon Ito,2026-01-14,Organic Search,4,2,5,1,0,0,0,0.0,29,Window Shopper
HC-0876,Emerson Kowalski,2026-02-04,Direct,8,7,9,5,2,5,0,0.0,4,Engaged Prospect
HC-0877,Jordan Reyes,2024-09-26,Paid Social,0,0,0,0,0,0,1,337.46,346,Lapsed Buyer
HC-0878,Casey Kim,2025-04-29,Organic Search,12,8,3,5,0,5,8,4889.38,17,Whale Collector
HC-0879,Casey Mbeki,2026-05-12,Paid Social,7,3,11,8,2,5,0,0.0,6,Engaged Prospect
HC-0880,Devon Anders,2026-07-06,Email Referral,4,0,7,0,0,1,0,0.0,11,New Signup
HC-0881,Devon Reyes,2026-07-22,Organic Search,0,0,4,1,0,0,0,0.0,5,New Signup
HC-0882,Felix Osei,2024-04-03,Paid Social,1,0,1,0,0,3,1,352.99,169,Lapsed Buyer
HC-0883,Omar Reyes,2023-05-15,Influencer,1,0,1,0,0,5,5,2248.26,110,At-Risk VIP
HC-0884,Taylor Kowalski,2025-03-06,Influencer,7,2,2,0,0,0,0,0.0,22,Window Shopper
HC-0885,Reese Chen,2024-05-24,Paid Social,11,11,14,3,1,6,19,9070.46,2,Whale Collector
HC-0886,Andre Rossi,2026-05-04,Paid Social,12,6,9,5,1,1,0,0.0,8,Engaged Prospect
HC-0887,Reese Chen,2025-01-22,Direct,11,4,14,6,0,7,12,6627.95,11,Whale Collector
HC-0888,Andre Silva,2022-10-10,Organic Search,3,0,1,0,0,3,6,1860.08,45,At-Risk VIP
HC-0889,Kenji Torres,2024-02-15,Email Referral,2,0,0,0,0,3,2,868.46,231,Lapsed Buyer
HC-0890,Devon Ito,2024-05-02,Direct,2,0,0,0,0,6,7,4022.82,102,At-Risk VIP
HC-0891,Marcus Nguyen,2026-06-18,Email Referral,7,6,5,1,0,6,0,0.0,5,Engaged Prospect
HC-0892,Avery Fuentes,2026-07-27,Direct,3,1,0,0,0,0,0,0.0,11,New Signup
HC-0893,Victor Lindqvist,2025-06-16,Direct,5,1,3,1,0,0,0,0.0,11,Window Shopper
HC-0894,Morgan Torres,2024-12-25,Paid Social,8,0,0,0,0,0,0,0.0,16,Window Shopper
HC-0895,Diego Novak,2024-06-02,Influencer,2,1,2,0,0,7,9,4026.91,102,At-Risk VIP
HC-0896,Amara Rossi,2026-07-28,Convention Booth,4,2,0,0,0,0,0,0.0,0,New Signup
HC-0897,Skyler Nguyen,2023-10-29,Direct,1,0,0,0,0,0,3,1225.14,219,Lapsed Buyer
HC-0898,Elena Tanaka,2025-02-21,Email Referral,6,1,1,0,0,0,0,0.0,6,Window Shopper
HC-0899,Kenji Kowalski,2025-01-09,Paid Social,0,0,1,0,0,0,2,760.77,136,Lapsed Buyer
HC-0900,Priya Meyer,2023-05-28,Paid Social,1,0,0,0,0,4,11,4805.29,111,At-Risk VIP
HC-0901,Andre Osei,2026-01-22,Paid Social,3,1,9,3,1,4,0,0.0,0,Engaged Prospect
HC-0902,Elena Lindqvist,2026-03-13,Convention Booth,5,2,0,0,0,0,0,0.0,13,Window Shopper
HC-0903,Jordan Larsen,2026-07-18,Email Referral,3,1,5,1,0,2,0,0.0,2,New Signup
HC-0904,Omar Chen,2026-07-05,Influencer,0,1,4,2,1,0,0,0.0,1,New Signup
HC-0905,Avery Lindqvist,2024-12-13,Direct,0,0,0,0,0,0,3,1124.35,323,Lapsed Buyer
HC-0906,Marcus Silva,2024-11-17,Email Referral,6,1,2,0,0,0,0,0.0,37,Window Shopper
HC-0907,Jordan Nguyen,2023-02-01,Convention Booth,16,5,11,3,1,8,15,7369.86,7,Whale Collector
HC-0908,Lucia Haddad,2026-07-17,Influencer,5,2,3,1,1,0,0,0.0,13,New Signup
HC-0909,Diego Mbeki,2023-07-05,Influencer,12,6,13,2,0,4,10,6004.4,5,Whale Collector
HC-0910,Zara Silva,2023-06-01,Email Referral,1,0,0,0,0,7,6,2781.27,67,At-Risk VIP
HC-0911,Quinn Reyes,2024-04-12,Convention Booth,1,0,0,0,0,2,3,908.46,330,Lapsed Buyer
HC-0912,Taylor Lindqvist,2026-07-21,Influencer,1,1,4,0,0,0,1,397.5,1,New Signup
HC-0913,Naomi Osei,2026-07-22,Convention Booth,3,0,3,0,0,0,0,0.0,8,New Signup
HC-0914,Jordan Lindqvist,2025-12-16,Email Referral,0,1,4,0,0,1,0,0.0,34,Window Shopper
HC-0915,Kenji Novak,2026-05-15,Paid Social,8,2,15,2,1,5,0,0.0,0,Engaged Prospect
HC-0916,Priya Mbeki,2023-06-19,Organic Search,14,6,11,3,2,4,10,5488.45,19,Whale Collector
HC-0917,Felix Barros,2026-07-25,Email Referral,0,1,2,0,0,0,0,0.0,2,New Signup
HC-0918,Taylor Haddad,2026-07-13,Direct,2,1,2,0,0,0,0,0.0,6,New Signup
HC-0919,Diego Ito,2026-04-08,Influencer,12,4,6,4,0,0,0,0.0,4,Engaged Prospect
HC-0920,Andre Chen,2026-07-13,Organic Search,2,0,0,0,1,0,0,0.0,4,New Signup
HC-0921,Elena Kim,2025-05-31,Email Referral,6,0,3,0,0,3,0,0.0,36,Window Shopper
HC-0922,Lucia Mbeki,2026-01-24,Influencer,2,2,1,0,0,2,0,0.0,42,Window Shopper
HC-0923,Diego Silva,2025-01-29,Paid Social,6,0,2,0,0,2,0,0.0,28,Window Shopper
HC-0924,Riley Meyer,2024-03-24,Paid Social,13,5,13,3,1,9,17,7496.61,3,Whale Collector
HC-0925,Emerson Petrov,2025-05-18,Paid Social,6,1,3,0,0,0,0,0.0,34,Window Shopper
HC-0926,Andre Lindqvist,2026-04-27,Direct,6,6,11,3,1,2,0,0.0,1,Engaged Prospect
HC-0927,Elena Nguyen,2024-11-29,Influencer,0,0,0,0,0,1,1,369.72,343,Lapsed Buyer
HC-0928,Naomi Chen,2025-06-04,Influencer,7,2,0,1,0,2,0,0.0,34,Window Shopper
HC-0929,Casey Mbeki,2026-07-15,Paid Social,4,2,1,0,0,1,0,0.0,3,New Signup
HC-0930,Ingrid Tanaka,2026-07-27,Convention Booth,2,0,0,1,0,0,0,0.0,5,New Signup
HC-0931,Andre Kim,2025-12-24,Organic Search,4,0,1,0,0,1,0,0.0,4,Window Shopper
HC-0932,Priya Larsen,2026-03-21,Paid Social,6,7,12,2,3,4,0,0.0,6,Engaged Prospect
HC-0933,Taylor Mbeki,2026-07-26,Direct,2,0,5,1,0,0,0,0.0,13,New Signup
HC-0934,Omar Silva,2025-09-24,Organic Search,6,1,0,0,0,0,0,0.0,43,Window Shopper
HC-0935,Marcus Ito,2022-10-11,Organic Search,2,1,0,0,0,4,5,2715.89,108,At-Risk VIP
HC-0936,Riley Kowalski,2025-03-30,Email Referral,20,4,8,5,1,5,9,5659.83,2,Whale Collector
HC-0937,Victor Tanaka,2026-07-28,Convention Booth,4,2,8,1,0,1,0,0.0,4,New Signup
HC-0938,Alex Ito,2025-07-06,Influencer,6,1,2,0,0,0,0,0.0,35,Window Shopper
HC-0939,Quinn Reyes,2024-11-30,Paid Social,7,4,14,2,0,1,10,3148.29,6,Whale Collector
HC-0940,Devon Barros,2025-10-15,Convention Booth,5,1,3,0,0,0,0,0.0,31,Window Shopper
HC-0941,Avery Torres,2026-02-20,Paid Social,6,3,1,0,0,1,0,0.0,26,Window Shopper
HC-0942,Taylor Silva,2026-03-19,Convention Booth,5,1,4,0,0,0,0,0.0,26,Window Shopper
HC-0943,Hayden Osei,2026-07-24,Direct,4,0,2,1,0,1,0,0.0,13,New Signup
HC-0944,Skyler Tanaka,2026-07-19,Influencer,0,0,5,0,0,2,1,279.4,5,New Signup
HC-0945,Quinn Haddad,2023-11-07,Paid Social,3,0,2,0,0,4,11,5270.18,62,At-Risk VIP
HC-0946,Taylor Okafor,2026-05-24,Direct,14,6,9,1,1,1,0,0.0,1,Engaged Prospect
HC-0947,Rowan Mbeki,2025-04-01,Organic Search,3,3,0,0,0,4,0,0.0,35,Window Shopper
HC-0948,Rowan Larsen,2026-07-11,Paid Social,0,1,0,2,0,0,0,0.0,3,New Signup
HC-0949,Felix Tanaka,2024-05-25,Organic Search,0,0,1,0,0,3,1,475.44,112,Lapsed Buyer
HC-0950,Alex Barros,2023-11-03,Influencer,2,0,0,0,0,3,3,1284.56,150,Lapsed Buyer
HC-0951,Elena Okafor,2025-09-13,Convention Booth,1,0,1,0,0,1,0,0.0,7,Window Shopper
HC-0952,Casey Petrov,2026-03-10,Email Referral,10,6,10,3,2,3,0,0.0,3,Engaged Prospect
HC-0953,Alex Silva,2026-07-28,Convention Booth,1,0,3,0,0,0,0,0.0,1,New Signup
HC-0954,Taylor Fuentes,2024-02-27,Convention Booth,6,5,4,1,2,8,12,7633.82,14,Whale Collector
HC-0955,Amara Rossi,2025-05-08,Influencer,1,0,0,0,0,4,2,483.45,159,Lapsed Buyer
HC-0956,Taylor Tanaka,2026-06-11,Email Referral,13,3,11,2,1,3,0,0.0,6,Engaged Prospect
HC-0957,Andre Novak,2025-04-04,Influencer,8,0,2,0,0,0,0,0.0,33,Window Shopper
HC-0958,Morgan Petrov,2026-07-10,Organic Search,6,1,4,2,0,1,1,326.15,12,New Signup
HC-0959,Kenji Novak,2024-10-27,Organic Search,10,1,1,0,0,0,0,0.0,42,Window Shopper
HC-0960,Skyler Meyer,2024-01-04,Organic Search,7,6,7,5,2,7,9,2970.33,14,Whale Collector
HC-0961,Sofia Torres,2025-07-27,Organic Search,11,2,1,0,0,0,0,0.0,15,Window Shopper
HC-0962,Riley Kowalski,2025-05-28,Organic Search,1,0,0,0,0,1,1,410.17,350,Lapsed Buyer
HC-0963,Emerson Kim,2025-06-04,Influencer,16,8,15,4,1,2,7,3900.89,15,Whale Collector
HC-0964,Reese Anders,2026-03-16,Email Referral,17,1,9,5,2,6,0,0.0,2,Engaged Prospect
HC-0965,Marcus Barros,2024-04-11,Direct,21,6,13,5,1,7,13,6502.89,2,Whale Collector
HC-0966,Riley Petrov,2026-03-16,Paid Social,7,0,0,0,0,1,0,0.0,14,Window Shopper
HC-0967,Avery Novak,2025-08-08,Email Referral,12,0,6,0,0,1,0,0.0,43,Window Shopper
HC-0968,Felix Torres,2026-02-28,Convention Booth,8,1,1,1,0,2,0,0.0,27,Window Shopper
HC-0969,Ingrid Rossi,2026-05-25,Influencer,6,3,1,0,0,0,0,0.0,35,Window Shopper
HC-0970,Morgan Larsen,2023-07-11,Organic Search,0,0,0,0,0,3,1,404.01,166,Lapsed Buyer
HC-0971,Lucia Barros,2026-04-11,Organic Search,10,1,10,3,3,4,0,0.0,1,Engaged Prospect
HC-0972,Sofia Torres,2026-07-07,Email Referral,0,1,2,2,0,0,0,0.0,5,New Signup
HC-0973,Jordan Kim,2026-07-21,Organic Search,5,0,0,0,0,2,0,0.0,7,New Signup
HC-0974,Rowan Nguyen,2026-04-20,Email Referral,9,2,3,0,0,1,0,0.0,15,Window Shopper
HC-0975,Quinn Okafor,2024-09-17,Paid Social,2,1,0,0,0,2,0,0.0,24,Window Shopper
HC-0976,Felix Nguyen,2026-07-11,Convention Booth,1,0,0,0,1,0,0,0.0,1,New Signup
HC-0977,Quinn Rossi,2026-03-30,Paid Social,13,6,7,6,1,7,0,0.0,3,Engaged Prospect
HC-0978,Casey Ito,2026-07-11,Direct,2,1,3,0,1,0,0,0.0,12,New Signup
HC-0979,Riley Barros,2026-04-28,Direct,12,5,11,4,3,5,0,0.0,6,Engaged Prospect
HC-0980,Victor Nguyen,2025-06-06,Organic Search,0,0,0,0,0,1,1,303.53,170,Lapsed Buyer
HC-0981,Skyler Mbeki,2026-05-09,Email Referral,4,2,3,0,0,0,0,0.0,21,Window Shopper
HC-0982,Casey Meyer,2023-08-28,Paid Social,2,0,0,0,0,0,2,565.77,234,Lapsed Buyer
HC-0983,Skyler Reyes,2026-07-04,Paid Social,4,2,4,0,0,1,0,0.0,0,New Signup
HC-0984,Reese Rossi,2025-02-03,Direct,17,5,7,2,1,13,11,5117.25,4,Whale Collector
HC-0985,Sam Silva,2026-07-17,Organic Search,0,1,1,0,0,3,0,0.0,1,New Signup
HC-0986,Rowan Torres,2025-03-04,Convention Booth,8,0,2,0,0,0,0,0.0,7,Window Shopper
HC-0987,Skyler Rossi,2025-06-05,Email Referral,10,0,2,0,0,0,0,0.0,4,Window Shopper
HC-0988,Diego Anders,2025-10-12,Email Referral,4,2,5,0,0,0,0,0.0,40,Window Shopper
HC-0989,Avery Novak,2025-02-01,Organic Search,17,3,15,8,1,2,17,10630.96,19,Whale Collector
HC-0990,Priya Silva,2026-05-06,Direct,9,6,7,3,1,4,0,0.0,1,Engaged Prospect
HC-0991,Naomi Ito,2024-01-21,Paid Social,0,0,0,0,0,3,3,910.68,211,Lapsed Buyer
HC-0992,Casey Lindqvist,2024-08-29,Paid Social,3,0,0,0,0,7,10,4742.21,49,At-Risk VIP
HC-0993,Devon Osei,2025-01-03,Organic Search,3,0,1,0,0,2,3,1095.65,301,Lapsed Buyer
HC-0994,Ingrid Chen,2026-07-07,Paid Social,0,1,3,0,0,0,0,0.0,0,New Signup
HC-0995,Morgan Kowalski,2026-07-18,Direct,4,2,4,1,0,1,0,0.0,5,New Signup
HC-0996,Sofia Ito,2026-07-27,Influencer,4,0,3,0,0,0,0,0.0,0,New Signup
HC-0997,Emerson Osei,2026-07-24,Paid Social,3,0,5,0,1,3,0,0.0,7,New Signup
HC-0998,Omar Tanaka,2026-05-06,Direct,13,4,10,2,2,1,0,0.0,8,Engaged Prospect
HC-0999,Alex Ito,2026-07-06,Direct,1,3,5,2,0,1,0,0.0,9,New Signup
HC-1000,Diego Lindqvist,2026-05-18,Organic Search,9,7,13,2,1,4,0,0.0,6,Engaged Prospect
